Chinawords,Italywords,USwords,Outbreakwords,date,str_date,twitter_number
1,0,2,0,2020-01-21 22:00:00,01-21 22:00,68
4,0,2,0,2020-01-21 23:00:00,01-21 23:00,156
1,0,2,0,2020-01-22 00:00:00,01-22 00:00,129
0,0,1,0,2020-01-22 01:00:00,01-22 01:00,128
1,0,3,0,2020-01-22 02:00:00,01-22 02:00,243
4,0,1,1,2020-01-22 03:00:00,01-22 03:00,338
4,0,2,0,2020-01-22 04:00:00,01-22 04:00,255
3,0,0,0,2020-01-22 05:00:00,01-22 05:00,246
2,0,0,0,2020-01-22 06:00:00,01-22 06:00,179
2,0,4,1,2020-01-22 07:00:00,01-22 07:00,161
3,0,1,1,2020-01-22 08:00:00,01-22 08:00,264
4,0,0,1,2020-01-22 09:00:00,01-22 09:00,710
3,0,2,0,2020-01-22 10:00:00,01-22 10:00,727
7,0,1,1,2020-01-22 11:00:00,01-22 11:00,1084
8,0,1,0,2020-01-22 12:00:00,01-22 12:00,1082
8,0,3,2,2020-01-22 13:00:00,01-22 13:00,1474
13,0,9,3,2020-01-22 14:00:00,01-22 14:00,1641
14,0,4,2,2020-01-22 15:00:00,01-22 15:00,2139
21,0,2,8,2020-01-22 16:00:00,01-22 16:00,2135
7,0,5,1,2020-01-22 17:00:00,01-22 17:00,1647
9,0,0,0,2020-01-22 18:00:00,01-22 18:00,1919
21,0,4,5,2020-01-22 19:00:00,01-22 19:00,2744
20,0,0,4,2020-01-22 20:00:00,01-22 20:00,2999
25,0,5,9,2020-01-22 21:00:00,01-22 21:00,2219
12,0,6,4,2020-01-22 22:00:00,01-22 22:00,2028
7,0,1,2,2020-01-22 23:00:00,01-22 23:00,2029
15,0,1,4,2020-01-23 00:00:00,01-23 00:00,2410
11,0,1,4,2020-01-23 01:00:00,01-23 01:00,2480
8,0,2,3,2020-01-23 02:00:00,01-23 02:00,2322
14,0,2,3,2020-01-23 03:00:00,01-23 03:00,2267
4,0,3,0,2020-01-23 04:00:00,01-23 04:00,2060
8,0,3,2,2020-01-23 05:00:00,01-23 05:00,1998
16,0,2,3,2020-01-23 06:00:00,01-23 06:00,2296
5,0,0,0,2020-01-23 07:00:00,01-23 07:00,2006
13,0,0,2,2020-01-23 08:00:00,01-23 08:00,2296
15,0,1,4,2020-01-23 09:00:00,01-23 09:00,2301
33,0,3,17,2020-01-23 10:00:00,01-23 10:00,3623
44,0,3,16,2020-01-23 11:00:00,01-23 11:00,4374
55,0,0,22,2020-01-23 12:00:00,01-23 12:00,5192
51,0,4,14,2020-01-23 13:00:00,01-23 13:00,6611
65,0,2,26,2020-01-23 14:00:00,01-23 14:00,8785
168,1,12,67,2020-01-23 15:00:00,01-23 15:00,17935
148,0,10,58,2020-01-23 16:00:00,01-23 16:00,18037
109,0,11,39,2020-01-23 17:00:00,01-23 17:00,16067
162,0,10,58,2020-01-23 18:00:00,01-23 18:00,17550
103,0,8,36,2020-01-23 19:00:00,01-23 19:00,15425
106,0,5,40,2020-01-23 20:00:00,01-23 20:00,12463
88,0,3,37,2020-01-23 21:00:00,01-23 21:00,12771
108,0,15,45,2020-01-23 22:00:00,01-23 22:00,12220
87,2,6,24,2020-01-23 23:00:00,01-23 23:00,12971
89,0,1,30,2020-01-24 00:00:00,01-24 00:00,14309
124,0,10,44,2020-01-24 01:00:00,01-24 01:00,14668
125,0,4,38,2020-01-24 02:00:00,01-24 02:00,15241
88,0,9,28,2020-01-24 03:00:00,01-24 03:00,15877
96,0,10,40,2020-01-24 04:00:00,01-24 04:00,15696
84,0,5,36,2020-01-24 05:00:00,01-24 05:00,14869
113,0,8,52,2020-01-24 06:00:00,01-24 06:00,25416
133,0,8,45,2020-01-24 07:00:00,01-24 07:00,27195
137,0,7,46,2020-01-24 08:00:00,01-24 08:00,26547
136,0,14,42,2020-01-24 09:00:00,01-24 09:00,26232
112,0,9,42,2020-01-24 10:00:00,01-24 10:00,27340
139,0,9,44,2020-01-24 11:00:00,01-24 11:00,29971
175,0,11,46,2020-01-24 12:00:00,01-24 12:00,31667
163,0,15,49,2020-01-24 13:00:00,01-24 13:00,33304
142,0,14,47,2020-01-24 14:00:00,01-24 14:00,33778
218,0,80,57,2020-01-24 15:00:00,01-24 15:00,46101
228,0,61,73,2020-01-24 16:00:00,01-24 16:00,45586
134,0,30,51,2020-01-24 17:00:00,01-24 17:00,37741
150,0,39,47,2020-01-24 18:00:00,01-24 18:00,31138
127,0,32,53,2020-01-24 19:00:00,01-24 19:00,31107
160,0,35,35,2020-01-24 20:00:00,01-24 20:00,27200
107,0,30,43,2020-01-24 21:00:00,01-24 21:00,30448
115,0,21,33,2020-01-24 22:00:00,01-24 22:00,29868
112,0,25,33,2020-01-24 23:00:00,01-24 23:00,29470
137,0,14,31,2020-01-25 00:00:00,01-25 00:00,32104
161,0,15,45,2020-01-25 01:00:00,01-25 01:00,34672
140,0,26,36,2020-01-25 02:00:00,01-25 02:00,35122
160,0,17,45,2020-01-25 03:00:00,01-25 03:00,37808
161,0,22,41,2020-01-25 04:00:00,01-25 04:00,43284
121,0,10,43,2020-01-25 05:00:00,01-25 05:00,40630
122,0,11,44,2020-01-25 06:00:00,01-25 06:00,39429
119,0,7,31,2020-01-25 07:00:00,01-25 07:00,37437
139,0,16,49,2020-01-25 08:00:00,01-25 08:00,37963
141,0,12,51,2020-01-25 09:00:00,01-25 09:00,36701
142,0,22,42,2020-01-25 10:00:00,01-25 10:00,36577
155,0,20,62,2020-01-25 11:00:00,01-25 11:00,40071
160,0,18,48,2020-01-25 12:00:00,01-25 12:00,45206
208,0,23,63,2020-01-25 13:00:00,01-25 13:00,51245
194,0,18,123,2020-01-25 14:00:00,01-25 14:00,61506
188,0,29,180,2020-01-25 15:00:00,01-25 15:00,67024
165,0,32,60,2020-01-25 16:00:00,01-25 16:00,57362
158,1,22,72,2020-01-25 17:00:00,01-25 17:00,48414
130,0,25,49,2020-01-25 18:00:00,01-25 18:00,40030
140,0,16,55,2020-01-25 19:00:00,01-25 19:00,35399
126,0,22,37,2020-01-25 20:00:00,01-25 20:00,30747
115,1,12,37,2020-01-25 21:00:00,01-25 21:00,29240
138,0,19,38,2020-01-25 22:00:00,01-25 22:00,35545
138,0,20,38,2020-01-25 23:00:00,01-25 23:00,45201
154,0,25,44,2020-01-26 00:00:00,01-26 00:00,47450
160,0,11,48,2020-01-26 01:00:00,01-26 01:00,51336
176,0,20,43,2020-01-26 02:00:00,01-26 02:00,55143
157,0,17,49,2020-01-26 03:00:00,01-26 03:00,59115
154,0,27,44,2020-01-26 04:00:00,01-26 04:00,57551
170,0,12,21,2020-01-26 05:00:00,01-26 05:00,55244
132,0,12,38,2020-01-26 06:00:00,01-26 06:00,52344
157,0,19,43,2020-01-26 07:00:00,01-26 07:00,53390
160,0,18,47,2020-01-26 08:00:00,01-26 08:00,55627
148,0,21,43,2020-01-26 09:00:00,01-26 09:00,52656
136,0,25,37,2020-01-26 10:00:00,01-26 10:00,52898
161,0,14,44,2020-01-26 11:00:00,01-26 11:00,56157
133,0,22,65,2020-01-26 12:00:00,01-26 12:00,58261
203,0,38,59,2020-01-26 13:00:00,01-26 13:00,65588
207,0,39,56,2020-01-26 14:00:00,01-26 14:00,72685
203,0,45,55,2020-01-26 15:00:00,01-26 15:00,76308
187,0,44,53,2020-01-26 16:00:00,01-26 16:00,72056
184,1,39,62,2020-01-26 17:00:00,01-26 17:00,60876
167,0,35,54,2020-01-26 18:00:00,01-26 18:00,51686
144,0,42,54,2020-01-26 19:00:00,01-26 19:00,50571
131,0,47,55,2020-01-26 20:00:00,01-26 20:00,51072
134,0,61,47,2020-01-26 21:00:00,01-26 21:00,49097
132,0,42,41,2020-01-26 22:00:00,01-26 22:00,47936
112,0,33,40,2020-01-26 23:00:00,01-26 23:00,51133
127,0,26,30,2020-01-27 00:00:00,01-27 00:00,49477
140,0,31,36,2020-01-27 01:00:00,01-27 01:00,48902
157,0,34,32,2020-01-27 02:00:00,01-27 02:00,50633
153,1,25,44,2020-01-27 03:00:00,01-27 03:00,54043
132,0,20,33,2020-01-27 04:00:00,01-27 04:00,48995
136,0,21,51,2020-01-27 05:00:00,01-27 05:00,42288
119,0,21,37,2020-01-27 06:00:00,01-27 06:00,38148
115,1,9,37,2020-01-27 07:00:00,01-27 07:00,34104
111,0,11,39,2020-01-27 08:00:00,01-27 08:00,33268
139,0,15,41,2020-01-27 09:00:00,01-27 09:00,32899
102,1,15,38,2020-01-27 10:00:00,01-27 10:00,32955
151,1,28,53,2020-01-27 11:00:00,01-27 11:00,37104
157,0,12,53,2020-01-27 12:00:00,01-27 12:00,42206
174,0,22,50,2020-01-27 13:00:00,01-27 13:00,45488
190,1,37,72,2020-01-27 14:00:00,01-27 14:00,49535
188,0,40,66,2020-01-27 15:00:00,01-27 15:00,51200
173,1,31,51,2020-01-27 16:00:00,01-27 16:00,47536
179,0,49,55,2020-01-27 17:00:00,01-27 17:00,45273
145,0,44,60,2020-01-27 18:00:00,01-27 18:00,39881
101,0,33,50,2020-01-27 19:00:00,01-27 19:00,36068
107,0,32,38,2020-01-27 20:00:00,01-27 20:00,32439
113,0,22,48,2020-01-27 21:00:00,01-27 21:00,32266
113,0,37,40,2020-01-27 22:00:00,01-27 22:00,30079
161,3,29,41,2020-01-27 23:00:00,01-27 23:00,34647
120,0,30,44,2020-01-28 00:00:00,01-28 00:00,32522
148,0,28,43,2020-01-28 01:00:00,01-28 01:00,36691
183,0,23,56,2020-01-28 02:00:00,01-28 02:00,39705
180,1,28,52,2020-01-28 03:00:00,01-28 03:00,41740
163,0,15,43,2020-01-28 04:00:00,01-28 04:00,39292
158,1,17,47,2020-01-28 05:00:00,01-28 05:00,35039
140,0,14,38,2020-01-28 06:00:00,01-28 06:00,33743
132,0,15,38,2020-01-28 07:00:00,01-28 07:00,31082
171,0,25,55,2020-01-28 08:00:00,01-28 08:00,31360
193,0,20,39,2020-01-28 09:00:00,01-28 09:00,34474
190,2,24,51,2020-01-28 10:00:00,01-28 10:00,34454
158,1,25,57,2020-01-28 11:00:00,01-28 11:00,36823
162,0,18,53,2020-01-28 12:00:00,01-28 12:00,37623
197,0,29,70,2020-01-28 13:00:00,01-28 13:00,39282
176,0,30,53,2020-01-28 14:00:00,01-28 14:00,40196
181,0,23,58,2020-01-28 15:00:00,01-28 15:00,38813
163,0,35,58,2020-01-28 16:00:00,01-28 16:00,40207
176,0,46,57,2020-01-28 17:00:00,01-28 17:00,38885
182,0,22,60,2020-01-28 18:00:00,01-28 18:00,37700
138,0,21,40,2020-01-28 19:00:00,01-28 19:00,34124
113,0,26,48,2020-01-28 20:00:00,01-28 20:00,31545
131,0,27,51,2020-01-28 21:00:00,01-28 21:00,30760
156,0,33,29,2020-01-28 22:00:00,01-28 22:00,31969
352,0,70,62,2020-01-28 23:00:00,01-28 23:00,47522
332,0,66,67,2020-01-29 00:00:00,01-29 00:00,51587
345,1,74,52,2020-01-29 01:00:00,01-29 01:00,87527
285,0,54,55,2020-01-29 02:00:00,01-29 02:00,82713
312,0,41,54,2020-01-29 03:00:00,01-29 03:00,83309
280,0,46,42,2020-01-29 04:00:00,01-29 04:00,76364
324,2,46,43,2020-01-29 05:00:00,01-29 05:00,86915
247,0,42,42,2020-01-29 06:00:00,01-29 06:00,73477
270,0,36,61,2020-01-29 07:00:00,01-29 07:00,81690
342,1,31,57,2020-01-29 08:00:00,01-29 08:00,77481
249,0,28,54,2020-01-29 09:00:00,01-29 09:00,70643
277,1,28,62,2020-01-29 10:00:00,01-29 10:00,79608
281,0,36,61,2020-01-29 11:00:00,01-29 11:00,75979
352,0,35,51,2020-01-29 12:00:00,01-29 12:00,84959
325,0,42,64,2020-01-29 13:00:00,01-29 13:00,90656
342,1,41,78,2020-01-29 14:00:00,01-29 14:00,100414
357,1,60,74,2020-01-29 15:00:00,01-29 15:00,99453
425,0,42,84,2020-01-29 16:00:00,01-29 16:00,105775
339,0,66,77,2020-01-29 17:00:00,01-29 17:00,88023
281,2,52,47,2020-01-29 18:00:00,01-29 18:00,84258
293,1,38,56,2020-01-29 19:00:00,01-29 19:00,83730
239,0,38,58,2020-01-29 20:00:00,01-29 20:00,81586
242,0,37,43,2020-01-29 21:00:00,01-29 21:00,68744
252,0,48,45,2020-01-29 22:00:00,01-29 22:00,83206
263,0,55,56,2020-01-29 23:00:00,01-29 23:00,81806
275,0,34,55,2020-01-30 00:00:00,01-30 00:00,84861
258,0,38,42,2020-01-30 01:00:00,01-30 01:00,81939
255,0,40,44,2020-01-30 02:00:00,01-30 02:00,67805
244,0,33,45,2020-01-30 03:00:00,01-30 03:00,77923
216,1,31,37,2020-01-30 04:00:00,01-30 04:00,75419
236,0,20,47,2020-01-30 05:00:00,01-30 05:00,66272
216,1,30,40,2020-01-30 06:00:00,01-30 06:00,67886
200,0,19,38,2020-01-30 07:00:00,01-30 07:00,65592
345,1,21,45,2020-01-30 08:00:00,01-30 08:00,108406
295,0,32,75,2020-01-30 09:00:00,01-30 09:00,105314
325,0,34,59,2020-01-30 10:00:00,01-30 10:00,118552
284,6,41,56,2020-01-30 11:00:00,01-30 11:00,113727
320,9,46,47,2020-01-30 12:00:00,01-30 12:00,116487
368,16,52,71,2020-01-30 13:00:00,01-30 13:00,125339
424,26,87,74,2020-01-30 14:00:00,01-30 14:00,117512
339,26,74,79,2020-01-30 15:00:00,01-30 15:00,115565
340,12,81,57,2020-01-30 16:00:00,01-30 16:00,96420
327,19,87,64,2020-01-30 17:00:00,01-30 17:00,95273
305,7,131,67,2020-01-30 18:00:00,01-30 18:00,98044
350,2,87,117,2020-01-30 19:00:00,01-30 19:00,105942
364,5,63,175,2020-01-30 20:00:00,01-30 20:00,125899
274,20,64,98,2020-01-30 21:00:00,01-30 21:00,112209
282,14,87,98,2020-01-30 22:00:00,01-30 22:00,103726
305,12,67,73,2020-01-30 23:00:00,01-30 23:00,111975
307,7,52,67,2020-01-31 00:00:00,01-31 00:00,94552
267,11,50,64,2020-01-31 01:00:00,01-31 01:00,101493
361,9,66,97,2020-01-31 02:00:00,01-31 02:00,98806
312,3,52,64,2020-01-31 03:00:00,01-31 03:00,96059
288,8,51,53,2020-01-31 04:00:00,01-31 04:00,84619
244,0,25,54,2020-01-31 05:00:00,01-31 05:00,82809
284,8,32,68,2020-01-31 06:00:00,01-31 06:00,81717
254,5,31,65,2020-01-31 07:00:00,01-31 07:00,66360
240,1,19,54,2020-01-31 08:00:00,01-31 08:00,80891
230,3,23,57,2020-01-31 09:00:00,01-31 09:00,80696
259,13,36,37,2020-01-31 10:00:00,01-31 10:00,83271
253,7,38,40,2020-01-31 11:00:00,01-31 11:00,95562
267,5,43,54,2020-01-31 12:00:00,01-31 12:00,87975
303,7,42,56,2020-01-31 13:00:00,01-31 13:00,103721
372,10,52,59,2020-01-31 14:00:00,01-31 14:00,104169
300,10,52,63,2020-01-31 15:00:00,01-31 15:00,91602
354,3,80,59,2020-01-31 16:00:00,01-31 16:00,100903
292,5,69,57,2020-01-31 17:00:00,01-31 17:00,87420
298,2,63,38,2020-01-31 18:00:00,01-31 18:00,91623
313,2,55,54,2020-01-31 19:00:00,01-31 19:00,80798
285,3,100,35,2020-01-31 20:00:00,01-31 20:00,82558
346,1,186,52,2020-01-31 21:00:00,01-31 21:00,92592
314,2,91,35,2020-01-31 22:00:00,01-31 22:00,90215
234,2,48,34,2020-01-31 23:00:00,01-31 23:00,85192
241,1,53,43,2020-02-01 00:00:00,02-01 00:00,84298
255,9,63,42,2020-02-01 01:00:00,02-01 01:00,77564
184,0,25,28,2020-02-01 02:00:00,02-01 02:00,54810
88,1,11,11,2020-02-01 03:00:00,02-01 03:00,41400
71,2,3,10,2020-02-01 09:00:00,02-01 09:00,20048
98,0,7,10,2020-02-01 10:00:00,02-01 10:00,36939
116,3,15,16,2020-02-01 11:00:00,02-01 11:00,36269
173,3,17,26,2020-02-01 12:00:00,02-01 12:00,63050
97,3,12,20,2020-02-01 13:00:00,02-01 13:00,37407
199,2,20,39,2020-02-01 14:00:00,02-01 14:00,58140
98,1,14,19,2020-02-01 15:00:00,02-01 15:00,32500
154,3,42,36,2020-02-01 16:00:00,02-01 16:00,55336
107,2,15,26,2020-02-01 17:00:00,02-01 17:00,36190
153,0,39,35,2020-02-01 18:00:00,02-01 18:00,57089
132,2,29,21,2020-02-01 19:00:00,02-01 19:00,46066
134,0,29,20,2020-02-01 20:00:00,02-01 20:00,46099
180,0,39,40,2020-02-01 21:00:00,02-01 21:00,67498
138,0,32,28,2020-02-01 22:00:00,02-01 22:00,53374
114,1,14,19,2020-02-01 23:00:00,02-01 23:00,36882
125,0,23,18,2020-02-02 00:00:00,02-02 00:00,44292
123,0,26,27,2020-02-02 01:00:00,02-02 01:00,45798
193,2,36,24,2020-02-02 02:00:00,02-02 02:00,63060
145,0,14,15,2020-02-02 03:00:00,02-02 03:00,44383
137,0,10,27,2020-02-02 04:00:00,02-02 04:00,39636
146,0,12,16,2020-02-02 05:00:00,02-02 05:00,42648
172,0,13,25,2020-02-02 06:00:00,02-02 06:00,46005
69,0,4,9,2020-02-02 07:00:00,02-02 07:00,25827
171,0,15,24,2020-02-02 08:00:00,02-02 08:00,53661
91,0,11,15,2020-02-02 09:00:00,02-02 09:00,26910
147,0,15,25,2020-02-02 10:00:00,02-02 10:00,56928
72,0,3,12,2020-02-02 11:00:00,02-02 11:00,29081
134,0,9,18,2020-02-02 12:00:00,02-02 12:00,50946
136,2,27,11,2020-02-02 13:00:00,02-02 13:00,45240
83,1,13,16,2020-02-02 14:00:00,02-02 14:00,39736
99,1,14,18,2020-02-02 15:00:00,02-02 15:00,40612
119,1,17,26,2020-02-02 16:00:00,02-02 16:00,43639
134,1,35,26,2020-02-02 17:00:00,02-02 17:00,50145
104,0,14,18,2020-02-02 18:00:00,02-02 18:00,31484
113,1,23,18,2020-02-02 19:00:00,02-02 19:00,42241
124,0,18,17,2020-02-02 20:00:00,02-02 20:00,55430
120,1,33,17,2020-02-02 21:00:00,02-02 21:00,47714
141,3,19,22,2020-02-02 22:00:00,02-02 22:00,48365
120,0,27,22,2020-02-02 23:00:00,02-02 23:00,44391
137,1,22,19,2020-02-03 00:00:00,02-03 00:00,44320
147,0,27,28,2020-02-03 01:00:00,02-03 01:00,44201
149,2,26,36,2020-02-03 02:00:00,02-03 02:00,45494
114,0,21,18,2020-02-03 03:00:00,02-03 03:00,35096
93,0,14,20,2020-02-03 04:00:00,02-03 04:00,33925
204,0,31,29,2020-02-03 05:00:00,02-03 05:00,58826
172,0,24,30,2020-02-03 06:00:00,02-03 06:00,52100
96,1,14,15,2020-02-03 07:00:00,02-03 07:00,29582
114,2,19,29,2020-02-03 08:00:00,02-03 08:00,36541
116,0,18,34,2020-02-03 09:00:00,02-03 09:00,41108
125,0,17,32,2020-02-03 10:00:00,02-03 10:00,41779
136,1,22,26,2020-02-03 11:00:00,02-03 11:00,45719
144,0,17,28,2020-02-03 12:00:00,02-03 12:00,51703
155,0,39,33,2020-02-03 13:00:00,02-03 13:00,47294
106,1,22,22,2020-02-03 14:00:00,02-03 14:00,35710
137,0,24,34,2020-02-03 15:00:00,02-03 15:00,46533
111,0,17,30,2020-02-03 16:00:00,02-03 16:00,42174
168,0,38,31,2020-02-03 17:00:00,02-03 17:00,55605
127,0,21,29,2020-02-03 18:00:00,02-03 18:00,44983
102,0,27,35,2020-02-03 19:00:00,02-03 19:00,38090
111,1,22,18,2020-02-03 20:00:00,02-03 20:00,37525
166,2,23,29,2020-02-03 21:00:00,02-03 21:00,69688
97,1,13,13,2020-02-03 22:00:00,02-03 22:00,33742
86,0,15,15,2020-02-03 23:00:00,02-03 23:00,33285
170,0,26,27,2020-02-04 00:00:00,02-04 00:00,57840
171,0,28,26,2020-02-04 01:00:00,02-04 01:00,54072
78,1,16,16,2020-02-04 02:00:00,02-04 02:00,32225
129,0,25,24,2020-02-04 03:00:00,02-04 03:00,38771
249,0,51,54,2020-02-04 04:00:00,02-04 04:00,69478
62,0,10,13,2020-02-04 05:00:00,02-04 05:00,21480
210,0,28,33,2020-02-04 06:00:00,02-04 06:00,72600
64,0,4,13,2020-02-04 07:00:00,02-04 07:00,21984
199,0,20,29,2020-02-04 08:00:00,02-04 08:00,74752
41,0,5,8,2020-02-04 09:00:00,02-04 09:00,14816
191,2,23,35,2020-02-04 10:00:00,02-04 10:00,64971
148,2,18,30,2020-02-04 11:00:00,02-04 11:00,53107
124,0,19,29,2020-02-04 12:00:00,02-04 12:00,43449
136,0,11,16,2020-02-04 13:00:00,02-04 13:00,47102
145,0,21,31,2020-02-04 14:00:00,02-04 14:00,47144
144,0,28,23,2020-02-04 15:00:00,02-04 15:00,49807
139,1,32,39,2020-02-04 16:00:00,02-04 16:00,51007
114,0,19,28,2020-02-04 17:00:00,02-04 17:00,38105
157,1,36,38,2020-02-04 18:00:00,02-04 18:00,55711
143,0,27,36,2020-02-04 19:00:00,02-04 19:00,43050
155,0,32,34,2020-02-04 20:00:00,02-04 20:00,56853
180,1,49,34,2020-02-04 21:00:00,02-04 21:00,61069
95,0,15,16,2020-02-04 22:00:00,02-04 22:00,33126
170,0,32,37,2020-02-04 23:00:00,02-04 23:00,65534
101,0,12,20,2020-02-05 00:00:00,02-05 00:00,33363
161,0,28,31,2020-02-05 01:00:00,02-05 01:00,56003
136,0,41,16,2020-02-05 02:00:00,02-05 02:00,47019
66,0,26,16,2020-02-05 03:00:00,02-05 03:00,26362
189,0,42,30,2020-02-05 04:00:00,02-05 04:00,65972
68,0,14,13,2020-02-05 05:00:00,02-05 05:00,25569
167,0,32,32,2020-02-05 06:00:00,02-05 06:00,54954
130,0,19,25,2020-02-05 07:00:00,02-05 07:00,43451
102,0,9,19,2020-02-05 08:00:00,02-05 08:00,37993
120,0,15,28,2020-02-05 09:00:00,02-05 09:00,40917
105,0,13,35,2020-02-05 10:00:00,02-05 10:00,50854
65,0,13,10,2020-02-05 11:00:00,02-05 11:00,27465
92,1,12,13,2020-02-05 12:00:00,02-05 12:00,31758
147,0,13,25,2020-02-05 13:00:00,02-05 13:00,47842
130,0,14,30,2020-02-05 14:00:00,02-05 14:00,43300
146,0,26,27,2020-02-05 15:00:00,02-05 15:00,46215
182,1,23,38,2020-02-05 16:00:00,02-05 16:00,62416
97,1,16,18,2020-02-05 17:00:00,02-05 17:00,31395
199,3,44,35,2020-02-05 18:00:00,02-05 18:00,70018
86,0,17,21,2020-02-05 19:00:00,02-05 19:00,32122
127,0,28,16,2020-02-05 20:00:00,02-05 20:00,42661
168,0,48,28,2020-02-05 21:00:00,02-05 21:00,58210
176,1,39,38,2020-02-05 22:00:00,02-05 22:00,61209
50,0,11,11,2020-02-05 23:00:00,02-05 23:00,25500
149,0,31,20,2020-02-06 00:00:00,02-06 00:00,52012
170,1,29,26,2020-02-06 01:00:00,02-06 01:00,55026
83,2,12,6,2020-02-06 02:00:00,02-06 02:00,22631
178,0,42,27,2020-02-06 03:00:00,02-06 03:00,64814
56,0,5,15,2020-02-06 04:00:00,02-06 04:00,18421
229,1,59,40,2020-02-06 05:00:00,02-06 05:00,61396
210,0,29,39,2020-02-06 06:00:00,02-06 06:00,55497
200,2,20,41,2020-02-06 07:00:00,02-06 07:00,54736
169,0,31,48,2020-02-06 08:00:00,02-06 08:00,56788
14,0,2,2,2020-02-06 09:00:00,02-06 09:00,3768
188,1,13,33,2020-02-06 10:00:00,02-06 10:00,63303
123,0,13,22,2020-02-06 11:00:00,02-06 11:00,33911
173,1,19,41,2020-02-06 12:00:00,02-06 12:00,61636
105,0,22,17,2020-02-06 13:00:00,02-06 13:00,34363
108,0,32,23,2020-02-06 14:00:00,02-06 14:00,39967
162,0,23,31,2020-02-06 15:00:00,02-06 15:00,51100
108,0,6,14,2020-02-06 16:00:00,02-06 16:00,31029
209,0,19,45,2020-02-06 17:00:00,02-06 17:00,60320
209,0,25,33,2020-02-06 18:00:00,02-06 18:00,57745
244,1,35,43,2020-02-06 19:00:00,02-06 19:00,63493
104,0,17,22,2020-02-06 20:00:00,02-06 20:00,29963
201,0,33,49,2020-02-06 21:00:00,02-06 21:00,60103
158,0,15,39,2020-02-06 22:00:00,02-06 22:00,47903
189,2,41,38,2020-02-06 23:00:00,02-06 23:00,56995
95,0,13,22,2020-02-07 00:00:00,02-07 00:00,35105
148,1,21,21,2020-02-07 01:00:00,02-07 01:00,46756
176,3,30,26,2020-02-07 02:00:00,02-07 02:00,55480
102,0,8,19,2020-02-07 03:00:00,02-07 03:00,28491
241,3,36,45,2020-02-07 04:00:00,02-07 04:00,62567
187,1,35,35,2020-02-07 05:00:00,02-07 05:00,59405
73,1,8,14,2020-02-07 06:00:00,02-07 06:00,24299
95,1,14,27,2020-02-07 07:00:00,02-07 07:00,32695
191,0,22,30,2020-02-07 08:00:00,02-07 08:00,56757
86,2,10,22,2020-02-07 09:00:00,02-07 09:00,32146
74,1,12,21,2020-02-07 10:00:00,02-07 10:00,33382
110,0,19,16,2020-02-07 11:00:00,02-07 11:00,39687
138,1,34,25,2020-02-07 12:00:00,02-07 12:00,45040
144,0,20,27,2020-02-07 13:00:00,02-07 13:00,46134
157,0,27,45,2020-02-07 14:00:00,02-07 14:00,51861
163,1,19,30,2020-02-07 15:00:00,02-07 15:00,53398
136,0,30,23,2020-02-07 16:00:00,02-07 16:00,43893
114,0,14,15,2020-02-07 17:00:00,02-07 17:00,37203
90,0,18,18,2020-02-07 18:00:00,02-07 18:00,32296
155,0,44,22,2020-02-07 19:00:00,02-07 19:00,52572
143,2,33,21,2020-02-07 20:00:00,02-07 20:00,53175
17,0,3,2,2020-02-07 21:00:00,02-07 21:00,5860
192,0,41,34,2020-02-07 22:00:00,02-07 22:00,69587
102,0,14,13,2020-02-07 23:00:00,02-07 23:00,34825
126,0,18,26,2020-02-08 00:00:00,02-08 00:00,50806
121,0,16,20,2020-02-08 01:00:00,02-08 01:00,38602
115,1,20,16,2020-02-08 02:00:00,02-08 02:00,43820
132,0,20,18,2020-02-08 03:00:00,02-08 03:00,44885
111,0,13,12,2020-02-08 04:00:00,02-08 04:00,31685
129,0,18,18,2020-02-08 05:00:00,02-08 05:00,29473
161,1,36,32,2020-02-08 07:00:00,02-08 07:00,45287
176,0,12,21,2020-02-08 08:00:00,02-08 08:00,51493
204,0,22,38,2020-02-08 09:00:00,02-08 09:00,63389
40,0,11,8,2020-02-08 10:00:00,02-08 10:00,15484
170,0,21,30,2020-02-08 11:00:00,02-08 11:00,61083
107,0,19,17,2020-02-08 12:00:00,02-08 12:00,35188
104,2,12,18,2020-02-08 13:00:00,02-08 13:00,31544
119,1,22,13,2020-02-08 14:00:00,02-08 14:00,38720
138,2,20,18,2020-02-08 15:00:00,02-08 15:00,42780
127,0,27,19,2020-02-08 16:00:00,02-08 16:00,45250
158,0,24,17,2020-02-08 17:00:00,02-08 17:00,45321
173,1,26,20,2020-02-08 18:00:00,02-08 18:00,55358
80,0,9,12,2020-02-08 19:00:00,02-08 19:00,33705
166,0,24,28,2020-02-08 20:00:00,02-08 20:00,62575
69,0,8,8,2020-02-08 21:00:00,02-08 21:00,18885
156,0,29,35,2020-02-08 22:00:00,02-08 22:00,60545
55,0,9,11,2020-02-08 23:00:00,02-08 23:00,23808
222,0,30,31,2020-02-09 00:00:00,02-09 00:00,69743
68,0,11,14,2020-02-09 01:00:00,02-09 01:00,23109
81,0,12,15,2020-02-09 02:00:00,02-09 02:00,25607
169,0,27,27,2020-02-09 03:00:00,02-09 03:00,56666
121,0,16,20,2020-02-09 04:00:00,02-09 04:00,32766
179,0,31,26,2020-02-09 05:00:00,02-09 05:00,54834
57,0,12,4,2020-02-09 06:00:00,02-09 06:00,15138
329,1,31,32,2020-02-09 07:00:00,02-09 07:00,66062
60,0,4,9,2020-02-09 08:00:00,02-09 08:00,15813
224,0,19,28,2020-02-09 09:00:00,02-09 09:00,67618
41,0,1,3,2020-02-09 10:00:00,02-09 10:00,14532
166,1,23,28,2020-02-09 11:00:00,02-09 11:00,64840
83,0,12,11,2020-02-09 12:00:00,02-09 12:00,30514
105,2,13,18,2020-02-09 13:00:00,02-09 13:00,35954
106,0,13,17,2020-02-09 14:00:00,02-09 14:00,37038
140,0,23,15,2020-02-09 15:00:00,02-09 15:00,45153
154,0,31,31,2020-02-09 16:00:00,02-09 16:00,52825
85,0,21,13,2020-02-09 17:00:00,02-09 17:00,26196
214,0,38,36,2020-02-09 18:00:00,02-09 18:00,65847
66,0,14,14,2020-02-09 19:00:00,02-09 19:00,35637
78,0,14,10,2020-02-09 20:00:00,02-09 20:00,25877
151,1,32,25,2020-02-09 21:00:00,02-09 21:00,63317
76,0,18,21,2020-02-09 22:00:00,02-09 22:00,34136
100,1,11,13,2020-02-09 23:00:00,02-09 23:00,41606
148,0,22,20,2020-02-10 00:00:00,02-10 00:00,45665
231,0,24,27,2020-02-10 01:00:00,02-10 01:00,64283
35,0,7,4,2020-02-10 02:00:00,02-10 02:00,11590
199,0,30,30,2020-02-10 03:00:00,02-10 03:00,61720
193,0,23,27,2020-02-10 04:00:00,02-10 04:00,58942
145,0,16,21,2020-02-10 05:00:00,02-10 05:00,50977
22,0,3,4,2020-02-10 06:00:00,02-10 06:00,7892
153,1,17,33,2020-02-10 07:00:00,02-10 07:00,57471
182,1,22,40,2020-02-10 08:00:00,02-10 08:00,59643
165,1,16,30,2020-02-10 09:00:00,02-10 09:00,60317
50,0,3,8,2020-02-10 10:00:00,02-10 10:00,12213
206,3,17,48,2020-02-10 11:00:00,02-10 11:00,69976
71,0,9,8,2020-02-10 12:00:00,02-10 12:00,23748
135,1,21,27,2020-02-10 13:00:00,02-10 13:00,51032
178,0,36,31,2020-02-10 14:00:00,02-10 14:00,56484
171,0,36,29,2020-02-10 15:00:00,02-10 15:00,49844
121,1,29,17,2020-02-10 16:00:00,02-10 16:00,35761
125,0,26,26,2020-02-10 17:00:00,02-10 17:00,36514
99,0,38,21,2020-02-10 18:00:00,02-10 18:00,31991
129,1,36,24,2020-02-10 19:00:00,02-10 19:00,44160
153,0,50,27,2020-02-10 20:00:00,02-10 20:00,56495
57,1,19,14,2020-02-10 21:00:00,02-10 21:00,20354
133,0,40,27,2020-02-10 22:00:00,02-10 22:00,46069
163,1,57,31,2020-02-10 23:00:00,02-10 23:00,63639
55,0,18,14,2020-02-11 00:00:00,02-11 00:00,24270
121,0,34,11,2020-02-11 01:00:00,02-11 01:00,42944
183,0,47,25,2020-02-11 02:00:00,02-11 02:00,58174
78,0,16,12,2020-02-11 03:00:00,02-11 03:00,25254
211,1,45,39,2020-02-11 04:00:00,02-11 04:00,68933
34,0,5,8,2020-02-11 05:00:00,02-11 05:00,14310
197,2,40,34,2020-02-11 06:00:00,02-11 06:00,66215
163,0,24,24,2020-02-11 07:00:00,02-11 07:00,58876
30,0,5,6,2020-02-11 08:00:00,02-11 08:00,11949
139,0,30,36,2020-02-11 09:00:00,02-11 09:00,58539
147,0,21,32,2020-02-11 10:00:00,02-11 10:00,61911
51,0,14,13,2020-02-11 11:00:00,02-11 11:00,22418
96,0,23,34,2020-02-11 12:00:00,02-11 12:00,45022
151,2,31,21,2020-02-11 13:00:00,02-11 13:00,57831
110,0,42,24,2020-02-11 14:00:00,02-11 14:00,46424
137,1,32,31,2020-02-11 15:00:00,02-11 15:00,48207
114,0,32,15,2020-02-11 16:00:00,02-11 16:00,41281
91,1,19,13,2020-02-11 17:00:00,02-11 17:00,35440
163,0,33,16,2020-02-11 18:00:00,02-11 18:00,58935
146,0,29,16,2020-02-11 19:00:00,02-11 19:00,45377
165,1,45,28,2020-02-11 20:00:00,02-11 20:00,69896
23,0,10,6,2020-02-11 21:00:00,02-11 21:00,15259
190,0,50,32,2020-02-11 22:00:00,02-11 22:00,69348
145,0,30,33,2020-02-11 23:00:00,02-11 23:00,62513
38,0,13,4,2020-02-12 00:00:00,02-12 00:00,11971
180,0,40,30,2020-02-12 01:00:00,02-12 01:00,61699
158,0,28,29,2020-02-12 02:00:00,02-12 02:00,57089
41,0,20,8,2020-02-12 03:00:00,02-12 03:00,19454
157,1,22,23,2020-02-12 04:00:00,02-12 04:00,56909
171,2,27,32,2020-02-12 05:00:00,02-12 05:00,54944
60,1,11,13,2020-02-12 06:00:00,02-12 06:00,20832
120,0,21,20,2020-02-12 07:00:00,02-12 07:00,40160
133,0,22,43,2020-02-12 08:00:00,02-12 08:00,55593
137,0,16,28,2020-02-12 09:00:00,02-12 09:00,54530
70,0,12,23,2020-02-12 10:00:00,02-12 10:00,35580
110,0,12,13,2020-02-12 11:00:00,02-12 11:00,34984
107,1,23,33,2020-02-12 12:00:00,02-12 12:00,49242
127,0,31,30,2020-02-12 13:00:00,02-12 13:00,48674
102,0,16,20,2020-02-12 14:00:00,02-12 14:00,34114
187,0,32,40,2020-02-12 15:00:00,02-12 15:00,65740
58,0,13,12,2020-02-12 16:00:00,02-12 16:00,22701
207,1,46,40,2020-02-12 17:00:00,02-12 17:00,65162
69,1,20,15,2020-02-12 18:00:00,02-12 18:00,30623
68,0,8,17,2020-02-12 19:00:00,02-12 19:00,32864
191,1,40,28,2020-02-12 20:00:00,02-12 20:00,63112
182,1,31,26,2020-02-12 21:00:00,02-12 21:00,63118
21,0,5,1,2020-02-12 22:00:00,02-12 22:00,9257
184,1,45,36,2020-02-12 23:00:00,02-12 23:00,63753
98,0,20,18,2020-02-13 00:00:00,02-13 00:00,33740
146,0,25,29,2020-02-13 01:00:00,02-13 01:00,55930
190,0,39,31,2020-02-13 02:00:00,02-13 02:00,51571
90,0,12,9,2020-02-13 03:00:00,02-13 03:00,28883
170,0,42,31,2020-02-13 04:00:00,02-13 04:00,59692
170,0,41,35,2020-02-13 05:00:00,02-13 05:00,56290
89,0,21,16,2020-02-13 06:00:00,02-13 06:00,29107
102,0,17,22,2020-02-13 07:00:00,02-13 07:00,32512
176,0,26,37,2020-02-13 08:00:00,02-13 08:00,58223
166,1,25,37,2020-02-13 09:00:00,02-13 09:00,57837
192,1,19,41,2020-02-13 10:00:00,02-13 10:00,60154
38,0,9,5,2020-02-13 11:00:00,02-13 11:00,16978
165,1,17,37,2020-02-13 12:00:00,02-13 12:00,70300
108,0,12,19,2020-02-13 13:00:00,02-13 13:00,37412
94,1,18,16,2020-02-13 14:00:00,02-13 14:00,33234
228,0,59,35,2020-02-13 15:00:00,02-13 15:00,74612
90,1,28,9,2020-02-13 16:00:00,02-13 16:00,29379
199,1,51,35,2020-02-13 17:00:00,02-13 17:00,71910
56,1,14,7,2020-02-13 18:00:00,02-13 18:00,17722
141,0,35,24,2020-02-13 19:00:00,02-13 19:00,46413
174,1,53,19,2020-02-13 20:00:00,02-13 20:00,58789
138,0,37,33,2020-02-13 21:00:00,02-13 21:00,56447
167,0,28,31,2020-02-13 22:00:00,02-13 22:00,59268
68,0,12,10,2020-02-13 23:00:00,02-13 23:00,24783
114,0,20,18,2020-02-14 00:00:00,02-14 00:00,37269
146,0,28,27,2020-02-14 01:00:00,02-14 01:00,52832
164,2,29,23,2020-02-14 02:00:00,02-14 02:00,52599
196,1,57,31,2020-02-14 03:00:00,02-14 03:00,53462
146,1,32,22,2020-02-14 04:00:00,02-14 04:00,49374
143,0,24,20,2020-02-14 05:00:00,02-14 05:00,45848
137,1,18,23,2020-02-14 06:00:00,02-14 06:00,43676
143,0,17,26,2020-02-14 07:00:00,02-14 07:00,44603
133,1,12,27,2020-02-14 08:00:00,02-14 08:00,36293
24,0,0,6,2020-02-14 09:00:00,02-14 09:00,7379
149,0,31,27,2020-02-14 10:00:00,02-14 10:00,46802
149,1,23,23,2020-02-14 11:00:00,02-14 11:00,51824
130,0,25,32,2020-02-14 12:00:00,02-14 12:00,48204
66,0,22,13,2020-02-14 13:00:00,02-14 13:00,18517
148,0,31,31,2020-02-14 14:00:00,02-14 14:00,51134
98,0,14,19,2020-02-14 15:00:00,02-14 15:00,31781
78,0,19,14,2020-02-14 16:00:00,02-14 16:00,26250
174,1,36,39,2020-02-14 17:00:00,02-14 17:00,56642
174,0,47,27,2020-02-14 18:00:00,02-14 18:00,52821
161,1,64,18,2020-02-14 19:00:00,02-14 19:00,46943
143,1,31,33,2020-02-14 20:00:00,02-14 20:00,43457
134,2,25,35,2020-02-14 21:00:00,02-14 21:00,45267
126,0,19,26,2020-02-14 22:00:00,02-14 22:00,44359
122,0,21,26,2020-02-14 23:00:00,02-14 23:00,46614
120,0,16,25,2020-02-15 00:00:00,02-15 00:00,47309
168,1,29,22,2020-02-15 01:00:00,02-15 01:00,47156
159,0,38,19,2020-02-15 02:00:00,02-15 02:00,50110
44,0,4,6,2020-02-15 03:00:00,02-15 03:00,14062
82,0,18,16,2020-02-15 04:00:00,02-15 04:00,26407
151,0,27,15,2020-02-15 05:00:00,02-15 05:00,43079
69,0,10,12,2020-02-15 06:00:00,02-15 06:00,19109
136,2,21,23,2020-02-15 07:00:00,02-15 07:00,43897
141,0,22,24,2020-02-15 08:00:00,02-15 08:00,45688
142,1,22,22,2020-02-15 09:00:00,02-15 09:00,46247
166,0,19,24,2020-02-15 10:00:00,02-15 10:00,58659
32,0,1,3,2020-02-15 11:00:00,02-15 11:00,7634
124,1,26,14,2020-02-15 12:00:00,02-15 12:00,45992
149,0,39,20,2020-02-15 13:00:00,02-15 13:00,47631
104,0,21,12,2020-02-15 14:00:00,02-15 14:00,35144
139,0,35,21,2020-02-15 15:00:00,02-15 15:00,48131
63,0,14,8,2020-02-15 16:00:00,02-15 16:00,22212
80,0,11,17,2020-02-15 17:00:00,02-15 17:00,24961
186,0,50,31,2020-02-15 18:00:00,02-15 18:00,52759
174,1,33,18,2020-02-15 19:00:00,02-15 19:00,49427
155,0,32,12,2020-02-15 20:00:00,02-15 20:00,50138
40,0,15,3,2020-02-15 21:00:00,02-15 21:00,11762
108,0,17,13,2020-02-15 22:00:00,02-15 22:00,34283
148,0,31,19,2020-02-15 23:00:00,02-15 23:00,51060
156,0,30,21,2020-02-16 00:00:00,02-16 00:00,47728
49,0,12,6,2020-02-16 01:00:00,02-16 01:00,17912
145,0,24,18,2020-02-16 02:00:00,02-16 02:00,51022
143,2,31,10,2020-02-16 03:00:00,02-16 03:00,51034
48,0,6,7,2020-02-16 04:00:00,02-16 04:00,18142
109,2,21,15,2020-02-16 05:00:00,02-16 05:00,35485
117,0,14,21,2020-02-16 06:00:00,02-16 06:00,47597
135,1,21,25,2020-02-16 07:00:00,02-16 07:00,47140
54,1,8,9,2020-02-16 08:00:00,02-16 08:00,21153
63,1,3,19,2020-02-16 09:00:00,02-16 09:00,29181
107,1,17,17,2020-02-16 10:00:00,02-16 10:00,52177
32,0,11,6,2020-02-16 11:00:00,02-16 11:00,23396
89,1,15,12,2020-02-16 12:00:00,02-16 12:00,41729
100,0,18,18,2020-02-16 13:00:00,02-16 13:00,41575
100,0,16,14,2020-02-16 14:00:00,02-16 14:00,35713
76,1,13,14,2020-02-16 15:00:00,02-16 15:00,28036
163,2,41,35,2020-02-16 16:00:00,02-16 16:00,66135
47,0,7,11,2020-02-16 17:00:00,02-16 17:00,12996
173,0,46,24,2020-02-16 18:00:00,02-16 18:00,60539
171,0,37,19,2020-02-16 19:00:00,02-16 19:00,57382
84,0,14,21,2020-02-16 20:00:00,02-16 20:00,28879
82,0,13,7,2020-02-16 21:00:00,02-16 21:00,18801
157,1,31,21,2020-02-16 22:00:00,02-16 22:00,52747
165,0,23,16,2020-02-16 23:00:00,02-16 23:00,52139
108,1,21,17,2020-02-17 00:00:00,02-17 00:00,34406
42,0,8,7,2020-02-17 01:00:00,02-17 01:00,14879
165,0,25,23,2020-02-17 02:00:00,02-17 02:00,49952
157,0,29,27,2020-02-17 03:00:00,02-17 03:00,49558
162,0,24,24,2020-02-17 04:00:00,02-17 04:00,46090
131,0,18,21,2020-02-17 05:00:00,02-17 05:00,44168
123,0,26,12,2020-02-17 06:00:00,02-17 06:00,44573
149,0,27,25,2020-02-17 07:00:00,02-17 07:00,43559
149,0,33,35,2020-02-17 08:00:00,02-17 08:00,46275
117,0,21,22,2020-02-17 09:00:00,02-17 09:00,38783
10,0,4,3,2020-02-17 10:00:00,02-17 10:00,3044
144,1,31,32,2020-02-17 11:00:00,02-17 11:00,52966
146,0,39,32,2020-02-17 12:00:00,02-17 12:00,56267
69,0,12,11,2020-02-17 13:00:00,02-17 13:00,20310
155,0,31,26,2020-02-17 14:00:00,02-17 14:00,56443
103,0,22,23,2020-02-17 15:00:00,02-17 15:00,31405
236,0,46,45,2020-02-17 16:00:00,02-17 16:00,65647
56,0,15,11,2020-02-17 17:00:00,02-17 17:00,17496
181,0,28,26,2020-02-17 18:00:00,02-17 18:00,49656
152,1,32,23,2020-02-17 19:00:00,02-17 19:00,53520
165,2,26,20,2020-02-17 20:00:00,02-17 20:00,48813
205,0,36,28,2020-02-17 21:00:00,02-17 21:00,52481
176,2,49,25,2020-02-17 22:00:00,02-17 22:00,52164
39,0,6,6,2020-02-17 23:00:00,02-17 23:00,12590
141,0,31,20,2020-02-18 00:00:00,02-18 00:00,40385
145,0,22,18,2020-02-18 01:00:00,02-18 01:00,50471
180,2,29,34,2020-02-18 02:00:00,02-18 02:00,51850
159,0,25,26,2020-02-18 03:00:00,02-18 03:00,51223
168,0,25,22,2020-02-18 04:00:00,02-18 04:00,49801
144,0,30,15,2020-02-18 05:00:00,02-18 05:00,47828
155,1,20,37,2020-02-18 06:00:00,02-18 06:00,48128
153,0,18,30,2020-02-18 07:00:00,02-18 07:00,49724
137,0,19,41,2020-02-18 08:00:00,02-18 08:00,54072
11,0,2,2,2020-02-18 09:00:00,02-18 09:00,4551
150,0,21,19,2020-02-18 10:00:00,02-18 10:00,55724
142,0,26,23,2020-02-18 11:00:00,02-18 11:00,54870
42,0,12,9,2020-02-18 12:00:00,02-18 12:00,19983
158,1,17,29,2020-02-18 13:00:00,02-18 13:00,57472
117,0,14,24,2020-02-18 14:00:00,02-18 14:00,37685
91,0,14,13,2020-02-18 15:00:00,02-18 15:00,27029
228,0,29,23,2020-02-18 16:00:00,02-18 16:00,68430
103,0,26,13,2020-02-18 17:00:00,02-18 17:00,32806
136,1,41,19,2020-02-18 18:00:00,02-18 18:00,42350
192,0,28,20,2020-02-18 19:00:00,02-18 19:00,55447
170,0,31,27,2020-02-18 20:00:00,02-18 20:00,54868
141,0,34,23,2020-02-18 21:00:00,02-18 21:00,56165
103,0,12,15,2020-02-18 22:00:00,02-18 22:00,37824
85,0,21,14,2020-02-18 23:00:00,02-18 23:00,31646
169,0,38,24,2020-02-19 00:00:00,02-19 00:00,61983
167,0,40,16,2020-02-19 01:00:00,02-19 01:00,62751
51,0,8,10,2020-02-19 02:00:00,02-19 02:00,12993
168,0,26,33,2020-02-19 03:00:00,02-19 03:00,62855
36,0,5,6,2020-02-19 04:00:00,02-19 04:00,10636
157,0,28,33,2020-02-19 05:00:00,02-19 05:00,55175
22,0,5,5,2020-02-19 06:00:00,02-19 06:00,8324
116,0,22,24,2020-02-19 07:00:00,02-19 07:00,51807
144,0,16,29,2020-02-19 08:00:00,02-19 08:00,48879
36,0,1,4,2020-02-19 09:00:00,02-19 09:00,12495
166,0,15,27,2020-02-19 10:00:00,02-19 10:00,58551
30,0,3,6,2020-02-19 11:00:00,02-19 11:00,9351
133,2,17,21,2020-02-19 12:00:00,02-19 12:00,45928
106,1,18,16,2020-02-19 13:00:00,02-19 13:00,39837
123,0,26,19,2020-02-19 14:00:00,02-19 14:00,40079
73,0,12,15,2020-02-19 15:00:00,02-19 15:00,23757
152,0,28,22,2020-02-19 16:00:00,02-19 16:00,48783
125,0,21,12,2020-02-19 17:00:00,02-19 17:00,30767
179,1,26,19,2020-02-19 18:00:00,02-19 18:00,47614
130,0,22,19,2020-02-19 19:00:00,02-19 19:00,38582
122,0,24,26,2020-02-19 20:00:00,02-19 20:00,47596
145,0,35,13,2020-02-19 21:00:00,02-19 21:00,48481
131,0,38,22,2020-02-19 22:00:00,02-19 22:00,46825
140,0,27,22,2020-02-19 23:00:00,02-19 23:00,45933
153,0,37,22,2020-02-20 00:00:00,02-20 00:00,46942
142,0,35,15,2020-02-20 01:00:00,02-20 01:00,54538
107,0,15,19,2020-02-20 02:00:00,02-20 02:00,34960
119,0,21,15,2020-02-20 03:00:00,02-20 03:00,37169
151,1,31,22,2020-02-20 04:00:00,02-20 04:00,53768
131,2,23,15,2020-02-20 05:00:00,02-20 05:00,47729
128,2,17,15,2020-02-20 06:00:00,02-20 06:00,46744
79,0,13,9,2020-02-20 07:00:00,02-20 07:00,25883
53,0,0,11,2020-02-20 08:00:00,02-20 08:00,22581
133,0,17,26,2020-02-20 09:00:00,02-20 09:00,55861
140,1,20,28,2020-02-20 10:00:00,02-20 10:00,58568
32,0,3,5,2020-02-20 11:00:00,02-20 11:00,8950
165,0,36,22,2020-02-20 12:00:00,02-20 12:00,55189
175,0,19,29,2020-02-20 13:00:00,02-20 13:00,59487
169,2,35,30,2020-02-20 14:00:00,02-20 14:00,59019
26,0,6,6,2020-02-20 15:00:00,02-20 15:00,8103
183,2,37,25,2020-02-20 16:00:00,02-20 16:00,55376
165,0,26,32,2020-02-20 17:00:00,02-20 17:00,50749
153,0,36,33,2020-02-20 18:00:00,02-20 18:00,45709
155,1,29,24,2020-02-20 19:00:00,02-20 19:00,41945
151,1,40,29,2020-02-20 20:00:00,02-20 20:00,41193
115,0,42,16,2020-02-20 21:00:00,02-20 21:00,43697
135,0,28,29,2020-02-20 22:00:00,02-20 22:00,44094
107,2,49,20,2020-02-20 23:00:00,02-20 23:00,45316
135,4,44,19,2020-02-21 00:00:00,02-21 00:00,46070
120,2,31,27,2020-02-21 01:00:00,02-21 01:00,55235
146,1,34,34,2020-02-21 02:00:00,02-21 02:00,59160
13,0,6,6,2020-02-21 03:00:00,02-21 03:00,9415
135,0,25,26,2020-02-21 04:00:00,02-21 04:00,52010
131,0,28,31,2020-02-21 05:00:00,02-21 05:00,50534
130,1,15,30,2020-02-21 06:00:00,02-21 06:00,52202
13,0,2,5,2020-02-21 07:00:00,02-21 07:00,5503
131,1,22,28,2020-02-21 08:00:00,02-21 08:00,54106
138,0,19,24,2020-02-21 09:00:00,02-21 09:00,53962
77,1,7,12,2020-02-21 10:00:00,02-21 10:00,30737
92,4,10,22,2020-02-21 11:00:00,02-21 11:00,46383
67,1,10,21,2020-02-21 12:00:00,02-21 12:00,35137
143,7,33,39,2020-02-21 13:00:00,02-21 13:00,62618
95,0,25,14,2020-02-21 14:00:00,02-21 14:00,30988
91,3,32,27,2020-02-21 15:00:00,02-21 15:00,39352
159,4,57,27,2020-02-21 16:00:00,02-21 16:00,55565
167,18,75,29,2020-02-21 17:00:00,02-21 17:00,64663
62,1,22,21,2020-02-21 18:00:00,02-21 18:00,28567
143,9,63,27,2020-02-21 19:00:00,02-21 19:00,71995
31,1,14,11,2020-02-21 20:00:00,02-21 20:00,21793
144,12,45,35,2020-02-21 21:00:00,02-21 21:00,68734
118,18,47,19,2020-02-21 22:00:00,02-21 22:00,68575
25,3,5,9,2020-02-21 23:00:00,02-21 23:00,11532
135,14,47,24,2020-02-22 00:00:00,02-22 00:00,64514
151,11,64,30,2020-02-22 01:00:00,02-22 01:00,65650
34,4,11,5,2020-02-22 02:00:00,02-22 02:00,14714
131,6,38,24,2020-02-22 03:00:00,02-22 03:00,60986
78,6,18,14,2020-02-22 04:00:00,02-22 04:00,37047
52,0,18,5,2020-02-22 05:00:00,02-22 05:00,22042
128,1,39,17,2020-02-22 06:00:00,02-22 06:00,56754
29,5,6,6,2020-02-22 07:00:00,02-22 07:00,18814
88,11,18,21,2020-02-22 08:00:00,02-22 08:00,60410
39,1,5,10,2020-02-22 09:00:00,02-22 09:00,21469
115,19,12,20,2020-02-22 10:00:00,02-22 10:00,72102
34,4,3,5,2020-02-22 11:00:00,02-22 11:00,19270
86,11,29,24,2020-02-22 12:00:00,02-22 12:00,56625
99,15,27,25,2020-02-22 13:00:00,02-22 13:00,47158
59,3,25,20,2020-02-22 14:00:00,02-22 14:00,31030
98,18,21,22,2020-02-22 15:00:00,02-22 15:00,47481
110,12,42,28,2020-02-22 16:00:00,02-22 16:00,58264
71,15,49,16,2020-02-22 17:00:00,02-22 17:00,38655
99,17,41,26,2020-02-22 18:00:00,02-22 18:00,50825
135,17,41,34,2020-02-22 19:00:00,02-22 19:00,66689
52,3,35,13,2020-02-22 20:00:00,02-22 20:00,35540
178,34,59,48,2020-02-24 04:00:00,02-24 04:00,65418
77,16,16,22,2020-02-24 05:00:00,02-24 05:00,35652
83,10,14,17,2020-02-24 06:00:00,02-24 06:00,34574
58,7,21,26,2020-02-24 07:00:00,02-24 07:00,43079
98,22,22,35,2020-02-24 08:00:00,02-24 08:00,55325
83,17,20,25,2020-02-24 09:00:00,02-24 09:00,47696
59,9,10,13,2020-02-24 10:00:00,02-24 10:00,30695
105,20,28,36,2020-02-24 11:00:00,02-24 11:00,57273
61,26,25,27,2020-02-24 12:00:00,02-24 12:00,39144
62,24,18,22,2020-02-24 13:00:00,02-24 13:00,39277
84,22,18,37,2020-02-24 14:00:00,02-24 14:00,47794
96,28,31,37,2020-02-24 15:00:00,02-24 15:00,47030
88,20,37,34,2020-02-24 16:00:00,02-24 16:00,56592
83,10,38,24,2020-02-24 17:00:00,02-24 17:00,48331
57,14,32,21,2020-02-24 18:00:00,02-24 18:00,44791
43,18,23,26,2020-02-24 19:00:00,02-24 19:00,39481
72,14,34,23,2020-02-24 20:00:00,02-24 20:00,51184
63,12,49,22,2020-02-24 21:00:00,02-24 21:00,47266
56,16,38,22,2020-02-24 22:00:00,02-24 22:00,45796
8,5,8,4,2020-02-24 23:00:00,02-24 23:00,9978
54,6,43,15,2020-02-25 03:00:00,02-25 03:00,26267
92,10,54,21,2020-02-25 04:00:00,02-25 04:00,44785
78,8,38,15,2020-02-25 05:00:00,02-25 05:00,43499
69,11,25,20,2020-02-25 06:00:00,02-25 06:00,34939
61,8,30,22,2020-02-25 07:00:00,02-25 07:00,34169
77,16,31,28,2020-02-25 08:00:00,02-25 08:00,64434
44,9,12,11,2020-02-25 09:00:00,02-25 09:00,31175
75,21,28,29,2020-02-25 10:00:00,02-25 10:00,57517
54,25,18,15,2020-02-25 11:00:00,02-25 11:00,46378
44,11,20,23,2020-02-25 12:00:00,02-25 12:00,37663
85,19,32,24,2020-02-25 13:00:00,02-25 13:00,57150
36,11,40,13,2020-02-25 14:00:00,02-25 14:00,36554
74,9,45,26,2020-02-25 15:00:00,02-25 15:00,55776
47,7,45,18,2020-02-25 16:00:00,02-25 16:00,42588
71,21,91,28,2020-02-25 17:00:00,02-25 17:00,52758
45,8,73,26,2020-02-25 18:00:00,02-25 18:00,47080
64,15,113,27,2020-02-25 19:00:00,02-25 19:00,52824
52,9,93,32,2020-02-25 20:00:00,02-25 20:00,47113
45,8,108,34,2020-02-25 21:00:00,02-25 21:00,54931
56,7,71,18,2020-02-25 22:00:00,02-25 22:00,48553
48,5,55,20,2020-02-25 23:00:00,02-25 23:00,46402
42,8,101,24,2020-02-26 00:00:00,02-26 00:00,57696
52,3,38,19,2020-02-26 01:00:00,02-26 01:00,40028
91,6,117,29,2020-02-26 02:00:00,02-26 02:00,61851
61,2,37,13,2020-02-26 03:00:00,02-26 03:00,38637
51,8,83,19,2020-02-26 04:00:00,02-26 04:00,55363
47,11,46,20,2020-02-26 05:00:00,02-26 05:00,44541
43,6,23,18,2020-02-26 06:00:00,02-26 06:00,39268
43,14,23,23,2020-02-26 07:00:00,02-26 07:00,40203
46,6,18,13,2020-02-26 08:00:00,02-26 08:00,50852
43,12,15,21,2020-02-26 09:00:00,02-26 09:00,45663
39,7,28,14,2020-02-26 10:00:00,02-26 10:00,46358
50,7,28,14,2020-02-26 11:00:00,02-26 11:00,48152
32,7,46,28,2020-02-26 12:00:00,02-26 12:00,55479
40,6,54,15,2020-02-26 13:00:00,02-26 13:00,45735
23,5,43,14,2020-02-26 14:00:00,02-26 14:00,39692
42,14,69,18,2020-02-26 15:00:00,02-26 15:00,55386
37,5,45,10,2020-02-26 16:00:00,02-26 16:00,37819
73,10,64,37,2020-02-26 17:00:00,02-26 17:00,58806
42,7,57,12,2020-02-26 18:00:00,02-26 18:00,44397
58,8,96,21,2020-02-26 19:00:00,02-26 19:00,54174
33,3,59,16,2020-02-26 20:00:00,02-26 20:00,51438
39,8,63,14,2020-02-26 21:00:00,02-26 21:00,48350
49,6,63,21,2020-02-26 22:00:00,02-26 22:00,56949
33,2,104,25,2020-02-26 23:00:00,02-26 23:00,44040
42,3,176,62,2020-02-27 00:00:00,02-27 00:00,57160
37,4,97,37,2020-02-27 01:00:00,02-27 01:00,38460
37,3,104,48,2020-02-27 02:00:00,02-27 02:00,53534
28,0,70,21,2020-02-27 03:00:00,02-27 03:00,39591
47,4,81,34,2020-02-27 04:00:00,02-27 04:00,47896
67,5,68,33,2020-02-27 05:00:00,02-27 05:00,52289
55,7,49,20,2020-02-27 06:00:00,02-27 06:00,40996
52,2,25,27,2020-02-27 07:00:00,02-27 07:00,43349
75,9,59,38,2020-02-27 08:00:00,02-27 08:00,66195
29,5,12,17,2020-02-27 09:00:00,02-27 09:00,31248
61,6,27,31,2020-02-27 10:00:00,02-27 10:00,52697
38,4,52,19,2020-02-27 11:00:00,02-27 11:00,45364
48,2,46,22,2020-02-27 12:00:00,02-27 12:00,46297
59,7,66,25,2020-02-27 13:00:00,02-27 13:00,58855
30,11,66,28,2020-02-27 14:00:00,02-27 14:00,37678
47,2,76,23,2020-02-27 15:00:00,02-27 15:00,59999
45,0,46,24,2020-02-27 16:00:00,02-27 16:00,38660
59,6,90,32,2020-02-27 17:00:00,02-27 17:00,59708
41,5,50,19,2020-02-27 18:00:00,02-27 18:00,39463
58,8,75,30,2020-02-27 19:00:00,02-27 19:00,62619
35,2,62,16,2020-02-27 20:00:00,02-27 20:00,39959
58,6,76,25,2020-02-27 21:00:00,02-27 21:00,57371
43,3,73,16,2020-02-27 22:00:00,02-27 22:00,37440
47,3,95,13,2020-02-27 23:00:00,02-27 23:00,56442
42,5,72,27,2020-02-28 00:00:00,02-28 00:00,46518
87,10,140,56,2020-02-28 01:00:00,02-28 01:00,86018
258,29,381,108,2020-02-28 02:00:00,02-28 02:00,226781
224,19,309,115,2020-02-28 03:00:00,02-28 03:00,207031
275,23,252,91,2020-02-28 04:00:00,02-28 04:00,204484
247,29,214,81,2020-02-28 05:00:00,02-28 05:00,181149
203,48,145,91,2020-02-28 06:00:00,02-28 06:00,177852
157,27,107,55,2020-02-28 07:00:00,02-28 07:00,118882
65,15,44,24,2020-02-28 08:00:00,02-28 08:00,57431
31,6,17,17,2020-02-28 09:00:00,02-28 09:00,47686
39,5,19,27,2020-02-28 10:00:00,02-28 10:00,47095
57,6,55,26,2020-02-28 11:00:00,02-28 11:00,55293
24,0,29,12,2020-02-28 12:00:00,02-28 12:00,37499
46,6,82,11,2020-02-28 13:00:00,02-28 13:00,59274
39,5,39,13,2020-02-28 14:00:00,02-28 14:00,42603
53,7,74,25,2020-02-28 15:00:00,02-28 15:00,57982
36,5,71,14,2020-02-28 16:00:00,02-28 16:00,50981
37,5,60,13,2020-02-28 17:00:00,02-28 17:00,45012
56,6,92,26,2020-02-28 18:00:00,02-28 18:00,59632
32,10,50,17,2020-02-28 19:00:00,02-28 19:00,39599
52,6,85,33,2020-02-28 20:00:00,02-28 20:00,59479
29,3,55,9,2020-02-28 21:00:00,02-28 21:00,49317
27,4,59,24,2020-02-28 22:00:00,02-28 22:00,42504
45,7,80,27,2020-02-28 23:00:00,02-28 23:00,57013
15,2,53,12,2020-02-29 00:00:00,02-29 00:00,36009
224,20,309,95,2020-02-29 01:00:00,02-29 01:00,171688
239,18,335,98,2020-02-29 02:00:00,02-29 02:00,185917
209,21,305,90,2020-02-29 03:00:00,02-29 03:00,178352
186,16,223,78,2020-02-29 04:00:00,02-29 04:00,166860
158,14,179,53,2020-02-29 05:00:00,02-29 05:00,133200
173,23,132,61,2020-02-29 06:00:00,02-29 06:00,109050
135,33,91,68,2020-02-29 07:00:00,02-29 07:00,112812
152,16,95,73,2020-02-29 08:00:00,02-29 08:00,104628
143,13,87,56,2020-02-29 09:00:00,02-29 09:00,106290
142,20,113,41,2020-02-29 10:00:00,02-29 10:00,104060
137,18,105,60,2020-02-29 11:00:00,02-29 11:00,113928
150,18,175,75,2020-02-29 12:00:00,02-29 12:00,139644
189,20,217,73,2020-02-29 13:00:00,02-29 13:00,150972
213,18,261,80,2020-02-29 14:00:00,02-29 14:00,184105
241,30,253,78,2020-02-29 15:00:00,02-29 15:00,188923
182,20,240,79,2020-02-29 16:00:00,02-29 16:00,174401
216,45,279,89,2020-02-29 17:00:00,02-29 17:00,194614
183,27,499,77,2020-02-29 18:00:00,02-29 18:00,215021
242,57,712,128,2020-02-29 19:00:00,02-29 19:00,238640
175,36,394,107,2020-02-29 20:00:00,02-29 20:00,203635
185,25,357,77,2020-02-29 21:00:00,02-29 21:00,188240
142,24,276,75,2020-02-29 22:00:00,02-29 22:00,177522
188,24,264,65,2020-02-29 23:00:00,02-29 23:00,156869
159,29,199,54,2020-03-01 00:00:00,03-01 00:00,150126
113,14,175,46,2020-03-01 01:00:00,03-01 01:00,138592
147,10,163,49,2020-03-01 02:00:00,03-01 02:00,132778
118,10,136,48,2020-03-01 03:00:00,03-01 03:00,144540
105,15,103,43,2020-03-01 04:00:00,03-01 04:00,124251
109,6,110,57,2020-03-01 05:00:00,03-01 05:00,116752
102,14,105,36,2020-03-01 06:00:00,03-01 06:00,98341
116,11,85,34,2020-03-01 07:00:00,03-01 07:00,96389
119,9,63,38,2020-03-01 08:00:00,03-01 08:00,98189
101,11,58,48,2020-03-01 09:00:00,03-01 09:00,85717
117,13,44,32,2020-03-01 10:00:00,03-01 10:00,85990
116,11,77,38,2020-03-01 11:00:00,03-01 11:00,100783
137,8,92,56,2020-03-01 12:00:00,03-01 12:00,102874
172,17,167,75,2020-03-01 13:00:00,03-01 13:00,139584
175,18,200,77,2020-03-01 14:00:00,03-01 14:00,152134
177,20,221,87,2020-03-01 15:00:00,03-01 15:00,142604
209,27,215,64,2020-03-01 16:00:00,03-01 16:00,137641
152,56,205,87,2020-03-01 17:00:00,03-01 17:00,137076
161,39,155,67,2020-03-01 18:00:00,03-01 18:00,133393
173,48,191,81,2020-03-01 19:00:00,03-01 19:00,124150
176,26,179,72,2020-03-01 20:00:00,03-01 20:00,124889
152,33,136,65,2020-03-01 21:00:00,03-01 21:00,117529
95,18,114,36,2020-03-01 22:00:00,03-01 22:00,85423
35,11,31,15,2020-03-01 23:00:00,03-01 23:00,52941
9,1,12,3,2020-03-02 00:00:00,03-02 00:00,12936
30,3,54,17,2020-03-02 01:00:00,03-02 01:00,45826
45,4,45,16,2020-03-02 02:00:00,03-02 02:00,45015
35,4,45,14,2020-03-02 03:00:00,03-02 03:00,37678
29,2,34,9,2020-03-02 04:00:00,03-02 04:00,35713
35,1,21,11,2020-03-02 05:00:00,03-02 05:00,46071
33,6,25,17,2020-03-02 06:00:00,03-02 06:00,44295
30,6,15,12,2020-03-02 07:00:00,03-02 07:00,29858
35,4,20,8,2020-03-02 08:00:00,03-02 08:00,45241
27,7,20,10,2020-03-02 09:00:00,03-02 09:00,47083
15,12,16,14,2020-03-02 10:00:00,03-02 10:00,37920
33,14,25,18,2020-03-02 11:00:00,03-02 11:00,39628
45,3,19,15,2020-03-02 12:00:00,03-02 12:00,45671
34,7,64,18,2020-03-02 13:00:00,03-02 13:00,46149
25,3,21,12,2020-03-02 14:00:00,03-02 14:00,30897
34,4,41,14,2020-03-02 15:00:00,03-02 15:00,46714
39,8,64,23,2020-03-02 16:00:00,03-02 16:00,46529
35,10,28,18,2020-03-02 17:00:00,03-02 17:00,35433
36,7,62,20,2020-03-02 18:00:00,03-02 18:00,43862
24,3,57,20,2020-03-02 19:00:00,03-02 19:00,49603
26,3,54,24,2020-03-02 20:00:00,03-02 20:00,39734
31,1,62,13,2020-03-02 21:00:00,03-02 21:00,43071
28,3,67,18,2020-03-02 22:00:00,03-02 22:00,40894
38,1,76,28,2020-03-02 23:00:00,03-02 23:00,52228
31,1,33,12,2020-03-03 00:00:00,03-03 00:00,34346
49,5,50,19,2020-03-03 01:00:00,03-03 01:00,52469
42,8,52,17,2020-03-03 02:00:00,03-03 02:00,43319
29,4,38,15,2020-03-03 03:00:00,03-03 03:00,40404
43,7,38,18,2020-03-03 04:00:00,03-03 04:00,54911
34,8,35,12,2020-03-03 05:00:00,03-03 05:00,36249
57,8,31,18,2020-03-03 06:00:00,03-03 06:00,55418
113,18,79,48,2020-03-03 07:00:00,03-03 07:00,90467
136,30,61,69,2020-03-03 08:00:00,03-03 08:00,109981
135,19,71,57,2020-03-03 09:00:00,03-03 09:00,108645
136,25,82,77,2020-03-03 10:00:00,03-03 10:00,110902
148,29,117,75,2020-03-03 11:00:00,03-03 11:00,134158
175,33,158,87,2020-03-03 12:00:00,03-03 12:00,142148
190,23,189,83,2020-03-03 13:00:00,03-03 13:00,167543
184,30,211,111,2020-03-03 14:00:00,03-03 14:00,179313
223,23,217,136,2020-03-03 15:00:00,03-03 15:00,185488
201,26,230,138,2020-03-03 16:00:00,03-03 16:00,199425
180,32,208,104,2020-03-03 17:00:00,03-03 17:00,199469
179,29,216,127,2020-03-03 18:00:00,03-03 18:00,189837
175,29,261,111,2020-03-03 19:00:00,03-03 19:00,205429
160,35,267,149,2020-03-03 20:00:00,03-03 20:00,208279
143,25,218,134,2020-03-03 21:00:00,03-03 21:00,221325
157,27,256,120,2020-03-03 22:00:00,03-03 22:00,199007
168,23,240,87,2020-03-03 23:00:00,03-03 23:00,204126
133,13,206,79,2020-03-04 00:00:00,03-04 00:00,172440
165,9,148,77,2020-03-04 01:00:00,03-04 01:00,174932
149,18,155,66,2020-03-04 02:00:00,03-04 02:00,166074
163,22,146,52,2020-03-04 03:00:00,03-04 03:00,154874
150,18,103,54,2020-03-04 04:00:00,03-04 04:00,138437
130,13,100,51,2020-03-04 05:00:00,03-04 05:00,113064
130,28,84,66,2020-03-04 06:00:00,03-04 06:00,121416
103,46,77,60,2020-03-04 07:00:00,03-04 07:00,114738
151,24,76,44,2020-03-04 08:00:00,03-04 08:00,117309
118,33,41,58,2020-03-04 09:00:00,03-04 09:00,116137
132,26,76,60,2020-03-04 10:00:00,03-04 10:00,110027
123,22,49,63,2020-03-04 11:00:00,03-04 11:00,134990
178,27,134,98,2020-03-04 12:00:00,03-04 12:00,142217
135,66,103,89,2020-03-04 13:00:00,03-04 13:00,172470
181,47,141,97,2020-03-04 14:00:00,03-04 14:00,173451
175,55,149,103,2020-03-04 15:00:00,03-04 15:00,184239
171,35,165,100,2020-03-04 16:00:00,03-04 16:00,193785
156,65,175,123,2020-03-04 17:00:00,03-04 17:00,210512
176,49,172,100,2020-03-04 18:00:00,03-04 18:00,202903
134,73,178,99,2020-03-04 19:00:00,03-04 19:00,181955
114,47,184,106,2020-03-04 20:00:00,03-04 20:00,173932
17,4,37,11,2020-03-04 21:00:00,03-04 21:00,39053
39,12,58,26,2020-03-04 22:00:00,03-04 22:00,59937
17,3,23,14,2020-03-04 23:00:00,03-04 23:00,39886
36,4,48,23,2020-03-05 00:00:00,03-05 00:00,56113
24,4,29,17,2020-03-05 01:00:00,03-05 01:00,38932
47,8,41,27,2020-03-05 02:00:00,03-05 02:00,59157
23,3,35,18,2020-03-05 03:00:00,03-05 03:00,44798
31,3,40,17,2020-03-05 04:00:00,03-05 04:00,50889
37,2,43,13,2020-03-05 05:00:00,03-05 05:00,53624
33,3,31,18,2020-03-05 06:00:00,03-05 06:00,39203
51,11,28,20,2020-03-05 07:00:00,03-05 07:00,54934
46,5,19,21,2020-03-05 08:00:00,03-05 08:00,43174
51,11,25,24,2020-03-05 09:00:00,03-05 09:00,54313
44,9,24,13,2020-03-05 10:00:00,03-05 10:00,43829
53,14,31,26,2020-03-05 11:00:00,03-05 11:00,55842
19,10,34,14,2020-03-05 12:00:00,03-05 12:00,36672
36,17,60,26,2020-03-05 13:00:00,03-05 13:00,53798
32,4,65,22,2020-03-05 14:00:00,03-05 14:00,49674
27,4,58,15,2020-03-05 15:00:00,03-05 15:00,41629
44,10,63,20,2020-03-05 16:00:00,03-05 16:00,55259
31,10,40,18,2020-03-05 17:00:00,03-05 17:00,38851
40,7,66,24,2020-03-05 18:00:00,03-05 18:00,55620
36,15,50,21,2020-03-05 19:00:00,03-05 19:00,50342
21,4,33,17,2020-03-05 20:00:00,03-05 20:00,43851
24,8,63,25,2020-03-05 21:00:00,03-05 21:00,54558
28,3,43,13,2020-03-05 22:00:00,03-05 22:00,41060
23,10,53,14,2020-03-05 23:00:00,03-05 23:00,54009
24,2,50,15,2020-03-06 00:00:00,03-06 00:00,39925
38,10,71,20,2020-03-06 01:00:00,03-06 01:00,50596
47,6,50,23,2020-03-06 02:00:00,03-06 02:00,57193
38,6,44,14,2020-03-06 03:00:00,03-06 03:00,39102
38,7,42,23,2020-03-06 04:00:00,03-06 04:00,56046
33,9,20,13,2020-03-06 05:00:00,03-06 05:00,38214
61,6,44,25,2020-03-06 06:00:00,03-06 06:00,56894
25,13,25,16,2020-03-06 07:00:00,03-06 07:00,39964
47,5,36,31,2020-03-06 08:00:00,03-06 08:00,56289
32,6,19,16,2020-03-06 09:00:00,03-06 09:00,41703
43,7,20,19,2020-03-06 10:00:00,03-06 10:00,55806
26,8,31,20,2020-03-06 11:00:00,03-06 11:00,40320
40,10,45,21,2020-03-06 12:00:00,03-06 12:00,56362
36,6,49,15,2020-03-06 13:00:00,03-06 13:00,48269
42,9,83,30,2020-03-06 14:00:00,03-06 14:00,52652
47,8,102,23,2020-03-06 15:00:00,03-06 15:00,56071
29,5,57,14,2020-03-06 16:00:00,03-06 16:00,41079
38,7,63,28,2020-03-06 17:00:00,03-06 17:00,55171
39,10,57,22,2020-03-06 18:00:00,03-06 18:00,53113
24,11,49,26,2020-03-06 19:00:00,03-06 19:00,42715
35,12,84,22,2020-03-06 20:00:00,03-06 20:00,64340
10,4,57,14,2020-03-06 21:00:00,03-06 21:00,45520
33,9,106,26,2020-03-06 22:00:00,03-06 22:00,63073
28,4,64,15,2020-03-06 23:00:00,03-06 23:00,44208
21,4,91,29,2020-03-07 00:00:00,03-07 00:00,56554
25,3,97,39,2020-03-07 01:00:00,03-07 01:00,56258
15,8,58,12,2020-03-07 02:00:00,03-07 02:00,38318
39,2,62,17,2020-03-07 03:00:00,03-07 03:00,54835
34,4,43,6,2020-03-07 04:00:00,03-07 04:00,40926
37,3,56,20,2020-03-07 05:00:00,03-07 05:00,52843
27,1,33,11,2020-03-07 06:00:00,03-07 06:00,38250
28,5,25,25,2020-03-07 07:00:00,03-07 07:00,45666
37,3,31,16,2020-03-07 08:00:00,03-07 08:00,51996
24,6,26,11,2020-03-07 09:00:00,03-07 09:00,40505
27,1,14,15,2020-03-07 10:00:00,03-07 10:00,47246
20,11,37,19,2020-03-07 11:00:00,03-07 11:00,54021
31,2,32,10,2020-03-07 12:00:00,03-07 12:00,38716
32,9,45,12,2020-03-07 13:00:00,03-07 13:00,54550
34,14,64,19,2020-03-07 14:00:00,03-07 14:00,55804
37,2,51,13,2020-03-07 15:00:00,03-07 15:00,38975
41,8,60,17,2020-03-07 16:00:00,03-07 16:00,56720
43,11,65,20,2020-03-07 17:00:00,03-07 17:00,54642
44,12,53,25,2020-03-07 18:00:00,03-07 18:00,44908
43,10,60,15,2020-03-07 19:00:00,03-07 19:00,60498
35,12,43,13,2020-03-07 20:00:00,03-07 20:00,39782
47,16,61,20,2020-03-07 21:00:00,03-07 21:00,58976
36,19,69,15,2020-03-07 22:00:00,03-07 22:00,51806
16,17,58,22,2020-03-07 23:00:00,03-07 23:00,48388
39,10,65,25,2020-03-08 00:00:00,03-08 00:00,58709
13,3,48,13,2020-03-08 01:00:00,03-08 01:00,38370
32,15,89,27,2020-03-08 02:00:00,03-08 02:00,56622
28,9,84,16,2020-03-08 03:00:00,03-08 03:00,47839
16,13,50,19,2020-03-08 04:00:00,03-08 04:00,42877
39,15,60,12,2020-03-08 05:00:00,03-08 05:00,51684
27,14,42,18,2020-03-08 06:00:00,03-08 06:00,40397
50,13,24,12,2020-03-08 07:00:00,03-08 07:00,44979
33,23,31,19,2020-03-08 08:00:00,03-08 08:00,54567
17,16,19,17,2020-03-08 09:00:00,03-08 09:00,35562
34,18,32,12,2020-03-08 10:00:00,03-08 10:00,55219
25,14,18,22,2020-03-08 11:00:00,03-08 11:00,45568
28,10,34,12,2020-03-08 12:00:00,03-08 12:00,47297
27,9,68,21,2020-03-08 13:00:00,03-08 13:00,57430
21,12,40,11,2020-03-08 14:00:00,03-08 14:00,39254
53,12,79,29,2020-03-08 15:00:00,03-08 15:00,58172
14,14,46,13,2020-03-08 16:00:00,03-08 16:00,37367
30,33,79,29,2020-03-08 17:00:00,03-08 17:00,58562
21,18,43,8,2020-03-08 18:00:00,03-08 18:00,37681
45,25,77,22,2020-03-08 19:00:00,03-08 19:00,57491
34,11,61,17,2020-03-08 20:00:00,03-08 20:00,39330
44,20,87,15,2020-03-08 21:00:00,03-08 21:00,58576
29,15,57,18,2020-03-08 22:00:00,03-08 22:00,46095
36,14,64,16,2020-03-08 23:00:00,03-08 23:00,47336
33,6,79,19,2020-03-09 00:00:00,03-09 00:00,53793
25,13,50,17,2020-03-09 01:00:00,03-09 01:00,34774
51,8,57,25,2020-03-09 02:00:00,03-09 02:00,51593
54,13,51,19,2020-03-09 03:00:00,03-09 03:00,49141
40,6,27,10,2020-03-09 04:00:00,03-09 04:00,34591
49,12,49,14,2020-03-09 05:00:00,03-09 05:00,51115
33,13,29,14,2020-03-09 06:00:00,03-09 06:00,44883
23,11,31,23,2020-03-09 07:00:00,03-09 07:00,45050
43,9,30,28,2020-03-09 08:00:00,03-09 08:00,54990
29,6,18,13,2020-03-09 09:00:00,03-09 09:00,37452
26,4,34,17,2020-03-09 10:00:00,03-09 10:00,55642
19,2,34,13,2020-03-09 11:00:00,03-09 11:00,39778
30,13,52,19,2020-03-09 12:00:00,03-09 12:00,54053
28,9,68,21,2020-03-09 13:00:00,03-09 13:00,48369
35,9,63,18,2020-03-09 14:00:00,03-09 14:00,43990
31,10,84,29,2020-03-09 15:00:00,03-09 15:00,55353
15,5,54,8,2020-03-09 16:00:00,03-09 16:00,36568
47,9,81,23,2020-03-09 17:00:00,03-09 17:00,55970
28,21,66,24,2020-03-09 18:00:00,03-09 18:00,54845
30,2,58,18,2020-03-09 19:00:00,03-09 19:00,40004
36,30,81,23,2020-03-09 20:00:00,03-09 20:00,57776
12,31,42,17,2020-03-09 21:00:00,03-09 21:00,38127
36,25,84,23,2020-03-09 22:00:00,03-09 22:00,55048
24,14,88,20,2020-03-09 23:00:00,03-09 23:00,43171
38,9,73,28,2020-03-10 00:00:00,03-10 00:00,45700
38,20,92,17,2020-03-10 01:00:00,03-10 01:00,52123
34,12,46,11,2020-03-10 02:00:00,03-10 02:00,35106
54,16,63,32,2020-03-10 03:00:00,03-10 03:00,50115
56,14,61,27,2020-03-10 04:00:00,03-10 04:00,49554
30,9,38,13,2020-03-10 05:00:00,03-10 05:00,32036
43,15,40,11,2020-03-10 06:00:00,03-10 06:00,49241
36,19,41,12,2020-03-10 07:00:00,03-10 07:00,51062
25,12,20,18,2020-03-10 08:00:00,03-10 08:00,33627
29,14,32,18,2020-03-10 09:00:00,03-10 09:00,49554
32,22,34,12,2020-03-10 10:00:00,03-10 10:00,50652
25,13,29,18,2020-03-10 11:00:00,03-10 11:00,33100
31,16,46,26,2020-03-10 12:00:00,03-10 12:00,50520
39,19,52,22,2020-03-10 13:00:00,03-10 13:00,47317
22,12,35,13,2020-03-10 14:00:00,03-10 14:00,40199
44,30,34,15,2020-03-10 15:00:00,03-10 15:00,53621
32,10,27,17,2020-03-10 16:00:00,03-10 16:00,35794
37,16,44,22,2020-03-10 17:00:00,03-10 17:00,54926
40,23,57,23,2020-03-10 18:00:00,03-10 18:00,47479
33,13,37,12,2020-03-10 19:00:00,03-10 19:00,44579
31,16,58,18,2020-03-10 20:00:00,03-10 20:00,56734
17,12,27,11,2020-03-10 21:00:00,03-10 21:00,37751
53,10,54,22,2020-03-10 22:00:00,03-10 22:00,59838
25,5,41,15,2020-03-10 23:00:00,03-10 23:00,38914
33,9,68,17,2020-03-11 00:00:00,03-11 00:00,55720
30,11,43,10,2020-03-11 01:00:00,03-11 01:00,46648
32,5,33,11,2020-03-11 02:00:00,03-11 02:00,42940
38,19,73,17,2020-03-11 03:00:00,03-11 03:00,54239
28,6,37,9,2020-03-11 04:00:00,03-11 04:00,36146
32,8,39,18,2020-03-11 05:00:00,03-11 05:00,53365
18,14,24,12,2020-03-11 06:00:00,03-11 06:00,48561
22,12,23,9,2020-03-11 07:00:00,03-11 07:00,40192
28,14,18,10,2020-03-11 08:00:00,03-11 08:00,52175
32,11,16,11,2020-03-11 09:00:00,03-11 09:00,37449
18,8,23,11,2020-03-11 10:00:00,03-11 10:00,50540
24,13,30,21,2020-03-11 11:00:00,03-11 11:00,53212
16,6,19,16,2020-03-11 12:00:00,03-11 12:00,35493
35,15,42,14,2020-03-11 13:00:00,03-11 13:00,53376
26,13,44,13,2020-03-11 14:00:00,03-11 14:00,41730
29,3,45,23,2020-03-11 15:00:00,03-11 15:00,46953
35,15,57,29,2020-03-11 16:00:00,03-11 16:00,56238
21,7,32,17,2020-03-11 17:00:00,03-11 17:00,37469
25,22,67,31,2020-03-11 18:00:00,03-11 18:00,56492
28,14,34,12,2020-03-11 19:00:00,03-11 19:00,42470
36,13,49,26,2020-03-11 20:00:00,03-11 20:00,55149
24,7,63,16,2020-03-11 21:00:00,03-11 21:00,47149
23,9,68,21,2020-03-11 22:00:00,03-11 22:00,49477
36,18,66,20,2020-03-11 23:00:00,03-11 23:00,52104
29,8,37,7,2020-03-12 00:00:00,03-12 00:00,40253
49,10,116,17,2020-03-12 01:00:00,03-12 01:00,60931
22,2,58,9,2020-03-12 02:00:00,03-12 02:00,38815
47,8,75,12,2020-03-12 03:00:00,03-12 03:00,54143
32,8,58,10,2020-03-12 04:00:00,03-12 04:00,42650
20,3,48,17,2020-03-12 05:00:00,03-12 05:00,46378
38,11,47,19,2020-03-12 06:00:00,03-12 06:00,52857
12,7,31,10,2020-03-12 07:00:00,03-12 07:00,34920
30,12,46,11,2020-03-12 08:00:00,03-12 08:00,52233
23,6,33,19,2020-03-12 09:00:00,03-12 09:00,50835
27,7,31,11,2020-03-12 10:00:00,03-12 10:00,37782
30,9,30,13,2020-03-12 11:00:00,03-12 11:00,56005
33,4,24,5,2020-03-12 12:00:00,03-12 12:00,36438
40,8,56,16,2020-03-12 13:00:00,03-12 13:00,51103
35,4,55,12,2020-03-12 14:00:00,03-12 14:00,53094
15,4,40,7,2020-03-12 15:00:00,03-12 15:00,35022
31,9,47,10,2020-03-12 16:00:00,03-12 16:00,53126
35,15,54,15,2020-03-12 17:00:00,03-12 17:00,47491
17,4,52,9,2020-03-12 18:00:00,03-12 18:00,30531
24,5,30,11,2020-03-12 19:00:00,03-12 19:00,34312
24,3,30,4,2020-03-12 20:00:00,03-12 20:00,27662
40,9,53,8,2020-03-12 21:00:00,03-12 21:00,48449
25,10,49,10,2020-03-12 22:00:00,03-12 22:00,46165
19,4,51,9,2020-03-12 23:00:00,03-12 23:00,42628
27,10,53,12,2020-03-13 00:00:00,03-13 00:00,48313
43,9,62,15,2020-03-13 01:00:00,03-13 01:00,51881
31,4,41,9,2020-03-13 02:00:00,03-13 02:00,34713
44,3,59,10,2020-03-13 03:00:00,03-13 03:00,50006
49,4,68,10,2020-03-13 04:00:00,03-13 04:00,49255
29,5,25,8,2020-03-13 05:00:00,03-13 05:00,32287
37,10,30,9,2020-03-13 06:00:00,03-13 06:00,48593
40,7,42,16,2020-03-13 07:00:00,03-13 07:00,48350
24,4,31,8,2020-03-13 08:00:00,03-13 08:00,31106
28,7,22,10,2020-03-13 09:00:00,03-13 09:00,46806
35,10,30,12,2020-03-13 10:00:00,03-13 10:00,47421
20,5,28,9,2020-03-13 11:00:00,03-13 11:00,36388
41,11,39,12,2020-03-13 12:00:00,03-13 12:00,48127
39,12,58,14,2020-03-13 13:00:00,03-13 13:00,52264
39,6,44,15,2020-03-13 14:00:00,03-13 14:00,40869
42,9,57,17,2020-03-13 15:00:00,03-13 15:00,43543
34,8,61,18,2020-03-13 16:00:00,03-13 16:00,49434
18,10,44,9,2020-03-13 17:00:00,03-13 17:00,35272
22,5,49,17,2020-03-13 18:00:00,03-13 18:00,45670
24,7,83,14,2020-03-13 19:00:00,03-13 19:00,52931
13,9,110,13,2020-03-13 20:00:00,03-13 20:00,43444
22,11,71,14,2020-03-13 21:00:00,03-13 21:00,38755
23,5,51,7,2020-03-13 22:00:00,03-13 22:00,43584
35,8,85,13,2020-03-13 23:00:00,03-13 23:00,53378
17,5,58,8,2020-03-14 00:00:00,03-14 00:00,49239
20,4,42,2,2020-03-14 01:00:00,03-14 01:00,39851
24,8,64,11,2020-03-14 02:00:00,03-14 02:00,52807
24,5,43,12,2020-03-14 03:00:00,03-14 03:00,39180
37,5,39,11,2020-03-14 04:00:00,03-14 04:00,46435
19,8,42,20,2020-03-14 05:00:00,03-14 05:00,49963
27,6,36,15,2020-03-14 06:00:00,03-14 06:00,38739
26,11,23,10,2020-03-14 07:00:00,03-14 07:00,49098
32,6,23,10,2020-03-14 08:00:00,03-14 08:00,38869
28,5,37,15,2020-03-14 09:00:00,03-14 09:00,51044
18,5,17,9,2020-03-14 10:00:00,03-14 10:00,34766
29,14,26,8,2020-03-14 11:00:00,03-14 11:00,51964
24,15,34,16,2020-03-14 12:00:00,03-14 12:00,46697
25,5,35,9,2020-03-14 13:00:00,03-14 13:00,40013
25,12,57,8,2020-03-14 14:00:00,03-14 14:00,53318
33,11,38,11,2020-03-14 15:00:00,03-14 15:00,37555
21,7,54,13,2020-03-14 16:00:00,03-14 16:00,51515
19,11,68,11,2020-03-14 17:00:00,03-14 17:00,52376
21,4,34,7,2020-03-14 18:00:00,03-14 18:00,42572
35,8,39,11,2020-03-14 19:00:00,03-14 19:00,36072
31,8,44,8,2020-03-14 20:00:00,03-14 20:00,54417
28,10,54,7,2020-03-14 21:00:00,03-14 21:00,52158
21,2,38,4,2020-03-14 22:00:00,03-14 22:00,37741
12,5,42,13,2020-03-14 23:00:00,03-14 23:00,52935
12,6,40,11,2020-03-15 00:00:00,03-15 00:00,42837
20,9,56,7,2020-03-15 01:00:00,03-15 01:00,44565
32,6,59,8,2020-03-15 02:00:00,03-15 02:00,52207
8,5,29,10,2020-03-15 03:00:00,03-15 03:00,35398
20,7,42,9,2020-03-15 04:00:00,03-15 04:00,50111
25,16,27,11,2020-03-15 05:00:00,03-15 05:00,51343
11,9,27,6,2020-03-15 06:00:00,03-15 06:00,33750
27,11,31,9,2020-03-15 07:00:00,03-15 07:00,51816
23,10,27,7,2020-03-15 08:00:00,03-15 08:00,49301
20,5,19,12,2020-03-15 09:00:00,03-15 09:00,35918
26,10,27,7,2020-03-15 10:00:00,03-15 10:00,50389
25,11,33,14,2020-03-15 11:00:00,03-15 11:00,47147
15,10,27,6,2020-03-15 12:00:00,03-15 12:00,38259
21,16,40,7,2020-03-15 13:00:00,03-15 13:00,51276
22,9,23,7,2020-03-15 14:00:00,03-15 14:00,40647
43,5,44,13,2020-03-15 15:00:00,03-15 15:00,47955
28,10,50,7,2020-03-15 16:00:00,03-15 16:00,52126
10,7,70,8,2020-03-15 17:00:00,03-15 17:00,33718
25,15,48,12,2020-03-15 18:00:00,03-15 18:00,48816
17,13,46,15,2020-03-15 19:00:00,03-15 19:00,49241
15,6,31,4,2020-03-15 20:00:00,03-15 20:00,33215
16,12,71,15,2020-03-15 21:00:00,03-15 21:00,45411
15,10,66,14,2020-03-15 22:00:00,03-15 22:00,50821
23,10,57,10,2020-03-15 23:00:00,03-15 23:00,49968
11,4,35,9,2020-03-16 00:00:00,03-16 00:00,36180
25,14,47,12,2020-03-16 01:00:00,03-16 01:00,50429
21,8,46,11,2020-03-16 02:00:00,03-16 02:00,47622
18,6,16,3,2020-03-16 03:00:00,03-16 03:00,35142
22,11,42,13,2020-03-16 04:00:00,03-16 04:00,47840
20,5,23,9,2020-03-16 05:00:00,03-16 05:00,35725
24,12,38,20,2020-03-16 06:00:00,03-16 06:00,48298
19,11,24,8,2020-03-16 07:00:00,03-16 07:00,47658
12,7,23,4,2020-03-16 08:00:00,03-16 08:00,31079
13,11,18,7,2020-03-16 09:00:00,03-16 09:00,45632
19,16,29,14,2020-03-16 10:00:00,03-16 10:00,46855
22,6,24,10,2020-03-16 11:00:00,03-16 11:00,37190
19,4,29,11,2020-03-16 12:00:00,03-16 12:00,41478
19,10,42,7,2020-03-16 13:00:00,03-16 13:00,47643
17,7,36,4,2020-03-16 14:00:00,03-16 14:00,44270
24,4,36,12,2020-03-16 15:00:00,03-16 15:00,35992
25,8,47,19,2020-03-16 16:00:00,03-16 16:00,48889
19,9,39,11,2020-03-16 17:00:00,03-16 17:00,47347
24,5,35,11,2020-03-16 18:00:00,03-16 18:00,39319
12,6,71,16,2020-03-16 19:00:00,03-16 19:00,49942
9,4,42,11,2020-03-16 20:00:00,03-16 20:00,33090
18,6,52,9,2020-03-16 21:00:00,03-16 21:00,51347
23,11,46,16,2020-03-16 22:00:00,03-16 22:00,49930
25,10,35,4,2020-03-16 23:00:00,03-16 23:00,34335
45,9,54,13,2020-03-17 00:00:00,03-17 00:00,49304
56,6,65,12,2020-03-17 01:00:00,03-17 01:00,50991
42,4,46,7,2020-03-17 02:00:00,03-17 02:00,37787
37,3,40,13,2020-03-17 03:00:00,03-17 03:00,46859
26,2,32,8,2020-03-17 04:00:00,03-17 04:00,37955
36,3,24,14,2020-03-17 05:00:00,03-17 05:00,49018
43,4,35,7,2020-03-17 06:00:00,03-17 06:00,45547
38,4,25,7,2020-03-17 07:00:00,03-17 07:00,35680
48,3,37,9,2020-03-17 08:00:00,03-17 08:00,49300
24,5,33,3,2020-03-17 09:00:00,03-17 09:00,47748
30,1,15,4,2020-03-17 10:00:00,03-17 10:00,33944
31,7,30,16,2020-03-17 11:00:00,03-17 11:00,48458
38,3,43,12,2020-03-17 12:00:00,03-17 12:00,48002
20,3,20,11,2020-03-17 13:00:00,03-17 13:00,31540
27,10,41,12,2020-03-17 14:00:00,03-17 14:00,46341
26,4,41,7,2020-03-17 15:00:00,03-17 15:00,46578
22,1,38,8,2020-03-17 16:00:00,03-17 16:00,37825
47,3,50,7,2020-03-17 17:00:00,03-17 17:00,37490
29,6,50,9,2020-03-17 18:00:00,03-17 18:00,45144
41,7,44,13,2020-03-17 19:00:00,03-17 19:00,45408
27,2,21,6,2020-03-17 20:00:00,03-17 20:00,31704
31,6,38,7,2020-03-17 21:00:00,03-17 21:00,42612
23,6,50,6,2020-03-17 22:00:00,03-17 22:00,44305
46,3,46,9,2020-03-17 23:00:00,03-17 23:00,43479
34,2,30,8,2020-03-18 00:00:00,03-18 00:00,30544
33,6,42,9,2020-03-18 01:00:00,03-18 01:00,47657
62,7,38,11,2020-03-18 02:00:00,03-18 02:00,47425
32,1,30,7,2020-03-18 03:00:00,03-18 03:00,32281
38,4,30,8,2020-03-18 04:00:00,03-18 04:00,47058
36,2,34,8,2020-03-18 05:00:00,03-18 05:00,34876
31,1,18,6,2020-03-18 06:00:00,03-18 06:00,33133
17,1,11,3,2020-03-18 07:00:00,03-18 07:00,12083
8,1,10,4,2020-03-18 08:00:00,03-18 08:00,16232
27,3,26,11,2020-03-18 09:00:00,03-18 09:00,34282
37,5,37,7,2020-03-18 10:00:00,03-18 10:00,48245
79,2,26,8,2020-03-18 11:00:00,03-18 11:00,50902
33,2,30,11,2020-03-18 12:00:00,03-18 12:00,33506
59,5,61,9,2020-03-18 13:00:00,03-18 13:00,48481
53,8,32,8,2020-03-18 14:00:00,03-18 14:00,46128
40,5,25,6,2020-03-18 15:00:00,03-18 15:00,36561
59,6,42,10,2020-03-18 16:00:00,03-18 16:00,31773
63,10,61,9,2020-03-18 17:00:00,03-18 17:00,31889
85,7,60,13,2020-03-18 18:00:00,03-18 18:00,40694
50,5,35,4,2020-03-18 19:00:00,03-18 19:00,27665
72,7,55,11,2020-03-18 20:00:00,03-18 20:00,51096
61,6,54,12,2020-03-18 21:00:00,03-18 21:00,48871
45,6,37,11,2020-03-18 22:00:00,03-18 22:00,33582
76,5,53,14,2020-03-18 23:00:00,03-18 23:00,48266
103,12,67,11,2020-03-19 00:00:00,03-19 00:00,49487
58,5,43,12,2020-03-19 01:00:00,03-19 01:00,36650
82,6,50,15,2020-03-19 02:00:00,03-19 02:00,46448
51,6,59,7,2020-03-19 03:00:00,03-19 03:00,48807
37,6,31,7,2020-03-19 04:00:00,03-19 04:00,39084
59,4,27,7,2020-03-19 05:00:00,03-19 05:00,39758
43,7,36,16,2020-03-19 06:00:00,03-19 06:00,47642
55,12,38,17,2020-03-19 07:00:00,03-19 07:00,46483
40,3,20,9,2020-03-19 08:00:00,03-19 08:00,33691
28,4,28,6,2020-03-19 09:00:00,03-19 09:00,46727
34,3,27,17,2020-03-19 10:00:00,03-19 10:00,46941
47,7,20,7,2020-03-19 11:00:00,03-19 11:00,33441
44,3,39,8,2020-03-19 12:00:00,03-19 12:00,45552
64,9,42,8,2020-03-19 13:00:00,03-19 13:00,48611
58,1,31,13,2020-03-19 14:00:00,03-19 14:00,36880
54,6,60,9,2020-03-19 15:00:00,03-19 15:00,44605
51,3,76,24,2020-03-19 16:00:00,03-19 16:00,48868
61,15,63,14,2020-03-19 17:00:00,03-19 17:00,40440
65,11,53,15,2020-03-19 18:00:00,03-19 18:00,40469
53,7,63,18,2020-03-19 19:00:00,03-19 19:00,46278
49,4,60,9,2020-03-19 20:00:00,03-19 20:00,45899
35,3,45,6,2020-03-19 21:00:00,03-19 21:00,36701
29,7,44,11,2020-03-19 22:00:00,03-19 22:00,40717
65,7,52,9,2020-03-19 23:00:00,03-19 23:00,47210
47,3,45,12,2020-03-20 00:00:00,03-20 00:00,43775
49,1,51,11,2020-03-20 01:00:00,03-20 01:00,44220
35,4,31,6,2020-03-20 02:00:00,03-20 02:00,35869
40,5,55,12,2020-03-20 03:00:00,03-20 03:00,46497
52,7,36,10,2020-03-20 04:00:00,03-20 04:00,48046
31,3,22,8,2020-03-20 05:00:00,03-20 05:00,38781
29,7,24,9,2020-03-20 06:00:00,03-20 06:00,42990
41,14,40,6,2020-03-20 07:00:00,03-20 07:00,50036
25,6,31,6,2020-03-20 08:00:00,03-20 08:00,38094
39,8,27,14,2020-03-20 09:00:00,03-20 09:00,43640
32,5,30,4,2020-03-20 10:00:00,03-20 10:00,48684
40,8,30,9,2020-03-20 11:00:00,03-20 11:00,39381
27,8,27,7,2020-03-20 12:00:00,03-20 12:00,40446
48,13,36,12,2020-03-20 13:00:00,03-20 13:00,47433
34,7,38,12,2020-03-20 14:00:00,03-20 14:00,45921
29,4,30,11,2020-03-20 15:00:00,03-20 15:00,33301
56,2,59,9,2020-03-20 16:00:00,03-20 16:00,48486
69,15,67,13,2020-03-20 17:00:00,03-20 17:00,49725
32,15,44,17,2020-03-20 18:00:00,03-20 18:00,36054
41,11,56,11,2020-03-20 19:00:00,03-20 19:00,46161
37,6,60,12,2020-03-20 20:00:00,03-20 20:00,52013
31,12,32,8,2020-03-20 21:00:00,03-20 21:00,33843
37,5,70,9,2020-03-20 22:00:00,03-20 22:00,51937
37,12,74,13,2020-03-20 23:00:00,03-20 23:00,52535
31,2,49,3,2020-03-21 00:00:00,03-21 00:00,36659
35,7,74,8,2020-03-21 01:00:00,03-21 01:00,42302
25,1,43,6,2020-03-21 02:00:00,03-21 02:00,26531
32,4,39,8,2020-03-21 03:00:00,03-21 03:00,28561
23,7,31,8,2020-03-21 04:00:00,03-21 04:00,27834
26,0,31,7,2020-03-21 05:00:00,03-21 05:00,28935
7,3,24,8,2020-03-21 06:00:00,03-21 06:00,25975
